업종코드,10,11,12,13,14,15,16,17,18,19,20,21,22,23,24,25,26,27,28,29,30,31,32,33,34,35,36,37,38,39,41,42,45,46,47,49,50,51,52,55,56,58,59,60,61,62,63,64,65,66,68,70,71,72,73,74,75,76,84,85,86,87,90,91,94,95,96
date,식료품 제조업,음료 제조업,담배 제조업,섬유제품 제조업; 의복 제외,의복 의복 액세서리 및 모피제품 제조업,가죽 가방 및 신발 제조업,목재 및 나무제품 제조업; 가구 제외,펄프 종이 및 종이제품 제조업,인쇄 및 기록매체 복제업,코크스 연탄 및 석유정제품 제조업,화학 물질 및 화학제품 제조업; 의약품 제외,의료용 물질 및 의약품 제조업,고무 및 플라스틱제품 제조업,비금속 광물제품 제조업,1차 금속 제조업,금속 가공제품 제조업; 기계 및 가구 제외,전자 부품 컴퓨터 영상 음향 및 통신장비 제조업,의료 정밀 광학 기기 및 시계 제조업,전기장비 제조업,기타 기계 및 장비 제조업,자동차 및 트레일러 제조업,기타 운송장비 제조업,가구 제조업,기타 제품 제조업,산업용 기계 및 장비 수리업,전기 가스 증기 및 공기 조절 공급업,수도업,하수 폐수 및 분뇨 처리업,폐기물 수집 운반 처리 및 원료 재생업,환경 정화 및 복원업,종합 건설업,전문직별 공사업,자동차 및 부품 판매업,도매 및 상품 중개업,소매업; 자동차 제외,육상 운송 및 파이프라인 운송업,수상 운송업,항공 운송업,창고 및 운송관련 서비스업,숙박업,음식점 및 주점업,출판업,영상ㆍ오디오 기록물 제작 및 배급업,방송업,우편 및 통신업,컴퓨터 프로그래밍 시스템 통합 및 관리업,정보서비스업,금융업,보험 및 연금업,금융 및 보험관련 서비스업,부동산업,연구개발업,전문 서비스업,건축 기술 엔지니어링 및 기타 과학기술 서비스업,기타 전문 과학 및 기술 서비스업,사업시설 관리 및 조경 서비스업,사업 지원 서비스업,임대업; 부동산 제외,공공 행정 국방 및 사회보장 행정,교육 서비스업,보건업,사회복지 서비스업,창작 예술 및 여가관련 서비스업,스포츠 및 오락관련 서비스업,협회 및 단체,개인 및 소비용품 수리업,기타 개인 서비스업
2007-01,53571,3255,0,30917,11027,7022,6794,30500,30477,1542,43805,17426,59781,24285,16424,80053,324088,22003,64193,99859,113247,5416,13534,12743,3526,12064,196,6487,12648,0,106817,5460,9744,143380,53944,57547,559,0,28254,3682,46247,21890,1592,1395,41430,3313,9300,18056,246,681,57143,16179,16534,44885,2357,21443,53089,2778,22054,52077,96124,40133,5653,14881,7887,24734,18660
2007-02,53940,3282,0,30827,11401,7097,6842,30627,30803,1562,43983,17677,60215,24398,16702,81023,325698,22131,64102,100866,113449,5443,13549,12883,3558,12063,195,6589,12607,0,107610,5462,10020,145727,54524,57745,549,0,28408,3647,47241,22158,1659,1403,41387,3412,9614,18085,245,689,57472,16258,17060,45491,2446,22079,54238,2773,23261,51576,97601,40686,5624,14899,8078,24171,18878
2007-03,53641,3281,0,30750,11338,7082,6975,30620,30693,1573,44498,17780,59948,24382,16563,81944,325642,22048,64087,101266,113537,5365,13528,12738,3561,12081,195,6600,12602,0,107997,5671,10196,147327,54311,57731,501,0,28108,3662,47672,22633,1726,1391,41357,3375,9790,18213,241,698,57732,16238,17016,46156,2500,22247,55105,2770,22497,53017,99528,42479,5628,15251,8083,24299,18536
2007-04,54197,3300,0,30632,11269,7029,7042,30361,31007,1569,44855,17967,59798,24431,16599,82130,325629,21812,64126,101986,113780,5617,13598,12984,3806,12175,197,6916,12637,0,109719,5895,10290,150264,54917,58632,499,0,28180,3637,48487,23114,1713,1385,41246,3391,10041,18334,244,726,58229,16530,17185,46781,2484,23292,56820,2822,24069,54429,101545,44127,5950,15515,8242,24594,18895
2007-05,54530,3302,0,30503,11420,7000,7098,30012,31356,1577,45236,18225,59828,24386,16562,82267,324056,22067,63863,102347,114173,5607,13804,13014,3802,12152,200,6912,12764,0,110782,6000,10527,151228,55557,59568,511,0,28637,3655,50476,23332,1779,1410,41334,3292,10347,18394,247,738,58651,16650,17487,47105,2525,23516,57545,2840,25278,55631,102752,45086,6023,15779,8315,24892,19378
2007-06,55211,3326,0,30421,11565,6914,7145,30122,31228,1642,46059,18409,59969,24726,16450,83458,324868,22486,63600,105410,113959,5529,13805,13280,4136,12148,202,6982,12787,0,111418,5983,10299,147505,55081,59926,537,0,28788,3715,51793,25549,1740,1523,41332,3304,10508,18363,252,765,59378,16851,17047,47515,2647,23622,58727,2722,23900,55552,103884,48105,6096,16066,8422,25058,19435
2007-07,56151,3357,0,30448,11583,6915,7137,30213,31498,1652,46320,18363,60598,24839,16415,84017,326352,22903,63793,106356,114628,5706,13832,13653,4179,12119,200,6831,12593,0,111901,5980,11073,146935,55946,60251,543,0,28626,3726,53393,25496,1692,1521,41040,3267,10736,18394,253,776,60128,17863,17191,47554,2736,23614,57791,2621,25191,54779,104551,51069,6202,16264,8438,25521,19441
2007-08,56656,3344,0,30356,11802,6856,7239,30085,31598,1662,46370,18360,60646,24783,16491,84046,326535,23068,64019,107113,114996,5941,13735,13917,4110,12187,200,7045,12623,0,112483,6108,11115,147983,56175,60320,527,0,29493,3822,54696,25588,1731,1516,41012,3303,10599,18421,257,787,60790,17710,17429,47583,2828,24063,57749,2669,25770,54774,105102,51937,6055,16463,8319,25557,19928
2007-09,56631,3339,0,30271,13309,6842,7288,30073,31769,1662,46308,18408,60778,24824,16616,84323,326324,23219,64069,107076,114509,5935,13812,13930,4096,12201,199,6983,12562,0,112715,6145,11243,149030,56359,60307,592,0,29786,3891,55099,25749,1731,1542,40876,3343,10623,18429,258,786,60840,16982,17557,48127,2847,24106,57823,2678,25337,55670,105411,53462,6043,16532,8347,25478,20047
2007-10,56447,3334,0,30189,13137,6766,7342,30006,32017,1673,46448,18404,60738,24735,16726,84510,326193,23352,64406,107078,114720,5970,13831,13904,4103,12230,208,6877,12701,0,113235,6113,11368,149338,56869,60665,602,0,30108,3856,55483,25971,1903,1533,40573,3425,10757,18502,264,786,61312,17206,17561,48502,2900,24261,58091,2669,25118,56746,105927,55081,6050,16533,8460,25657,20126
2007-11,56913,3289,0,30039,13025,6717,7392,30261,32269,1807,46673,18457,61078,25027,16603,84796,327492,23873,64829,108381,115286,6175,13869,14165,4127,12282,209,7048,12855,0,114163,6279,11563,151317,57676,61097,585,0,30332,3801,56680,26553,1855,1468,40227,3506,10869,18561,294,816,65949,16956,17913,49019,2901,24443,58156,2632,25670,56917,106925,56570,6026,16630,8514,25707,20651
2007-12,57139,3289,0,29897,13012,6633,7397,30310,32299,1761,47050,18697,60825,24732,16614,85288,328605,23990,65189,109274,115798,6178,13917,14050,4192,12346,213,6795,13002,0,114126,6306,11718,153068,58012,61401,625,0,30539,4123,56936,26806,1894,1472,40401,6467,8078,18654,264,833,66315,17096,17795,48375,2991,24147,58304,2695,23697,56514,107286,57137,5809,16319,8629,25986,20692
2008-01,57295,3324,0,29658,13129,6654,7400,30388,32326,1692,47243,18877,61088,24050,16673,86266,329946,24329,64770,113814,115811,6269,14039,14192,4192,12290,215,6430,13135,0,114523,6363,11786,153024,58730,61582,542,0,30074,4080,57128,27155,2013,1456,40458,6548,8343,18725,260,858,66449,17200,17676,48667,3036,23329,58006,2709,22601,54378,107665,55449,5990,16233,8605,26174,20349
2008-02,57266,3309,0,29552,13035,6538,7464,30677,32314,1687,47463,19008,61315,24280,16661,86812,329046,24510,65036,114563,115875,6337,14103,14336,4270,12252,215,6540,13083,0,104390,6445,11964,154366,59093,61623,530,0,30105,4072,57562,27460,1994,1455,40240,6572,8489,18864,268,865,66775,17248,18210,48739,3048,23573,58877,2668,24396,54568,108456,58373,5990,16429,8799,26370,21181
2008-03,56748,3333,0,29282,12935,6493,7445,30533,32357,1647,47177,18899,60615,23993,16621,87157,326319,24665,65303,115792,115361,6361,14124,14412,4215,12359,214,6724,12992,0,104872,6630,11886,155768,59181,61815,508,0,30151,4032,57779,27219,1986,1443,40228,6600,8572,19128,271,869,67772,17322,18087,49122,3075,23739,58611,2753,25039,56119,110645,59966,5984,16569,8855,26249,21123
2008-04,56761,3307,0,29277,12909,6462,7437,30752,32393,1652,47784,19014,60335,24117,16472,87264,325952,25051,65222,116372,114999,6342,14135,14514,4233,12143,214,6882,13119,0,105710,6732,11983,158041,59933,62166,524,0,30510,4002,57885,27124,2022,1420,40085,6659,8947,19249,263,875,68203,17329,17955,49553,3125,24343,60494,2821,26004,57977,112874,61460,6263,16637,9045,26254,21961
2008-05,56429,3317,0,29148,12893,6446,7556,30635,32343,1625,47612,19077,60598,24131,16645,87631,320790,25484,65281,117907,115030,6334,14114,14436,4324,12269,213,6867,13308,0,106569,6674,11474,159440,59924,62343,529,0,30516,4039,58583,27335,2025,1444,40098,6781,9486,19316,263,897,68549,17653,18832,49812,3156,24760,62261,2786,26618,59273,114049,63241,6581,16766,9106,26389,22218
2008-06,56581,3305,0,28904,12852,6458,7570,30696,32336,1602,46760,19089,60286,24121,16434,87982,318955,25556,65116,118416,114922,6334,14064,14324,4253,12269,211,6777,13332,0,106848,6744,11732,160681,59823,62399,534,0,30940,4059,57820,27717,2031,1437,40136,6797,9314,19403,258,926,69118,17814,18686,49919,3163,24584,62699,2777,24997,59760,115070,64340,6676,16816,9184,26279,22453
2008-07,56673,3257,0,28599,12796,6408,7557,30902,32424,1593,46659,19147,60290,24121,16302,88524,318237,25566,64817,118795,115354,6376,14087,14278,4270,12236,213,6633,13524,1,106809,6967,11807,161816,60129,62174,538,0,31399,4082,57883,27847,2081,1386,40032,6611,9525,19469,270,951,68745,17932,19221,50591,3270,24999,62741,2797,27131,59230,115535,64831,6787,16820,9151,26293,22501
2008-08,56638,3264,0,28467,13167,6420,7516,30844,32270,1597,46472,19106,60103,24166,16310,88339,313922,25591,64686,118816,115254,6401,13929,14221,4239,12266,213,6621,13688,3,106711,7026,11788,163338,60262,61918,529,0,31592,4068,57739,28052,2081,1361,39496,6664,9711,19476,266,945,68904,18085,19657,50643,3297,25058,64383,2799,27383,58754,115716,66294,6619,16815,9155,26161,22417
2008-09,56849,3281,0,28274,13181,6392,7529,30873,32369,1628,46848,19032,60163,24355,16193,88030,312947,25818,64878,119386,114917,6411,13926,14312,4260,12286,212,6549,13783,3,106970,7107,11806,164199,60765,62041,534,0,31653,4046,57980,27949,2142,1349,39413,6613,9595,19529,272,945,69196,18208,19927,50501,3379,25195,64488,2770,25629,60712,116214,68151,6482,16926,9180,26319,22008
2008-10,56966,3243,0,28294,13133,6352,7572,30772,32379,1698,46563,19358,60632,24579,16141,88354,312404,25827,65474,120004,114581,6405,13856,14322,4245,12211,210,6661,13863,9,106957,7061,12025,165013,61236,62316,544,0,31947,4075,58298,28017,2153,1333,38811,6820,9611,19576,278,972,69815,18315,20194,50475,3434,25353,66351,2772,26896,61453,117205,70837,6635,16911,9221,26506,21807
2008-11,57219,3260,0,28408,13043,6314,7634,30737,32621,1692,46548,19396,61341,24528,16125,88284,310201,26022,65548,120257,113638,6373,14002,14250,4276,12124,206,6620,13880,9,107452,7162,11980,166027,61451,62902,532,0,32203,4136,59383,27794,2106,1282,38824,6822,9736,19651,277,967,69869,18320,19971,50622,3466,25544,67032,2819,27309,61938,117682,71991,6646,16989,9208,26471,21736
2008-12,57420,3259,0,28390,12921,6261,7673,30612,32584,1688,46372,19204,60922,24389,16068,87524,306682,25929,65429,119755,112733,6272,13860,14229,4252,12147,209,6400,13956,4,106502,7006,12061,165493,62077,63087,568,0,32402,4154,59874,27640,2115,1300,38965,6721,9682,19724,280,963,69980,18239,19465,50484,3406,25067,65490,2836,24693,61551,118191,73463,6588,16828,9377,26699,21919
2009-01,57425,3223,0,28108,12762,6188,7614,30366,32562,1637,46063,18959,60402,24156,15888,86530,306824,25700,65466,118103,111355,6110,13702,14137,4223,12156,207,6260,13849,5,104766,6714,12224,164029,62139,63036,578,0,32043,4213,59641,27292,2084,1263,38733,6740,9472,19711,277,956,69094,18402,19798,50421,3387,24670,63434,2765,27963,60108,118000,72590,6612,16431,9781,26632,21711
2009-02,57622,3191,0,28050,13488,6131,7480,30260,32605,1616,46107,18946,59873,23974,15756,85834,305442,26596,65316,117373,110022,6122,13630,14141,3875,12759,205,6284,14031,7,104903,6693,12247,164868,62412,63058,560,0,32312,4325,59550,27385,2017,1277,38767,6724,9408,19666,277,975,69448,18667,20424,50827,3357,25152,64764,2781,31523,60312,119233,76467,6592,16385,9998,26320,21421
2009-03,58248,3190,0,28081,13576,6096,7421,30162,32748,1618,46059,18977,59555,23877,15592,85075,307192,26640,64857,116916,108964,6179,13626,14228,3828,12806,202,6319,14087,9,105196,6644,12139,164989,62474,63555,509,0,32058,4386,60235,27461,2005,1297,38742,6657,9224,19642,278,1127,69431,19491,20690,50991,3395,25390,65959,2795,30120,62878,120978,78812,6642,16657,10354,26370,21478
2009-04,58912,3178,0,28095,13773,6011,7420,30110,32566,1597,46084,19086,59623,23870,15555,85240,303821,26667,64842,116101,108587,6196,13557,14100,3819,12933,203,6595,14174,48,106140,6780,11953,166298,63084,63834,511,0,32006,4389,61225,28464,2008,1317,38628,6787,9212,19671,278,1140,68812,19573,21373,51536,3466,26898,67117,2795,33588,64557,122081,80461,6577,17128,10492,26364,21759
2009-05,59183,3267,0,28181,13780,5979,7427,30101,32649,1604,45916,19226,59746,23777,15632,85434,306713,26711,65066,116157,107796,6190,13639,14305,3848,12873,203,6860,14302,61,106694,6691,12021,167842,63943,63899,513,0,31829,4383,61372,27866,1995,1321,38542,6789,9564,19679,286,1211,68583,20221,21736,51494,3524,27650,69132,2824,34295,65873,122395,82420,7031,17095,10669,26510,21653
2009-06,59320,3293,0,28408,13826,5963,7412,30054,32750,1578,46122,19264,60132,23777,15602,85279,307763,26703,65844,116407,105844,6307,13752,14458,3833,12939,206,10863,14307,119,107144,6801,12084,169383,64421,63930,509,0,31713,4341,61944,28027,1962,1330,38650,6661,9603,19752,289,1241,68147,20419,23927,51906,3558,31872,71286,2848,59879,66193,122992,84692,7268,17167,10745,26538,21496
2009-07,59764,3316,0,28346,13694,5959,7399,30216,32589,1608,46206,19384,60601,23691,15544,85567,308743,26921,66067,116564,105935,6299,13614,14535,3897,13041,205,12428,14346,140,106983,7053,12131,170418,64920,63766,523,0,32064,4308,62942,28344,1971,1320,41241,6639,9687,19655,288,1215,68189,20615,27433,52437,3659,33849,72226,2920,68351,65714,123390,87109,7376,17153,10921,26610,21536
2009-08,59690,3319,0,28375,13583,5949,7453,30294,32583,1600,46535,19326,61416,23619,15470,85974,309801,27220,64825,115991,105140,6394,13740,14628,3909,13023,206,12211,14306,150,107113,7113,12275,172045,65339,63518,524,22,32455,4212,63740,28564,2003,1318,41269,6608,9735,19722,287,1210,68200,20862,27198,52749,3673,33595,72504,2895,68875,65309,123628,89935,7320,17215,11050,26484,21697
2009-09,59923,3263,0,28613,13616,5997,7553,30402,32575,1582,47110,19393,62056,23682,15550,86562,312657,27386,64997,116661,105611,6514,13800,14697,3938,13005,206,11434,14420,130,107297,7377,12463,172971,64505,63693,523,22,32371,4153,64298,30600,1996,1327,41228,6665,9721,19687,296,1228,68005,21237,26871,52912,3652,32766,73735,2918,66392,69620,124107,93138,7269,17136,11104,26645,21874
2009-10,60532,3267,0,28759,13668,6094,7637,30499,32995,1591,47387,19494,62895,23744,15631,87445,315215,27788,65359,117918,106507,6688,13881,14843,3955,12814,205,11248,14488,85,107438,7464,12580,174252,65536,64050,529,22,32517,4153,65205,30738,2021,1267,40781,6719,9772,19678,290,1248,68120,21401,26975,53094,3665,32433,76495,2995,65322,70937,124449,95813,7191,17180,11172,26708,21859
2009-11,60771,3258,0,28817,13532,6106,7703,30679,33218,1514,47748,19149,63182,23586,15793,88028,317651,27913,66062,118959,106916,6711,13910,14878,3927,12784,207,11929,14539,91,107858,7437,12655,174918,66159,64255,565,22,32814,4174,65801,30731,2026,1288,40756,6653,9623,19665,287,1243,68314,21618,27065,53405,3629,33386,77251,3028,64634,71291,125169,97808,7270,17041,11127,26717,21981
2009-12,61305,3239,0,28991,13579,6100,7789,30760,33491,1527,48102,19297,63817,23661,15886,88829,319208,28273,66916,119953,107470,6759,14011,14900,3967,12810,205,9865,14619,9,108016,7293,12638,175759,66522,64674,575,28,32979,4222,66064,30439,2036,1322,40781,6599,9608,19800,290,1252,68703,21543,21812,53192,3690,31693,77519,3061,32317,70525,125683,98457,7106,16863,10924,27187,21952
2010-01,61367,3153,0,28875,13534,6166,7854,30895,33349,1543,48554,19340,64032,23636,15895,89377,321975,28641,67619,121087,107573,6863,14105,15046,3925,12530,206,6434,14538,18,108099,7192,12861,176719,66805,65104,580,30,36605,4148,66013,30227,2009,1261,35410,6679,9864,19695,293,1266,68543,21294,21357,53242,3609,27660,76558,3117,27236,66475,126301,99958,6680,16246,10590,27002,21609
2010-02,61788,3137,0,29102,13703,6238,7949,31019,33574,1528,49110,19267,64797,23902,16018,90111,322377,29009,68096,122473,108345,6945,14193,15269,3442,12528,207,6639,14603,50,108018,7104,12863,178597,67814,65013,577,28,36874,4175,67249,30243,2051,1159,35299,7189,7876,19709,300,1261,68739,21382,21661,53778,3626,28272,77102,3180,29356,66157,127155,102827,6813,16271,10800,26601,21651
2010-03,61959,3127,0,29305,13806,6223,7973,31061,33666,1542,49252,18806,65060,24109,16119,90509,324497,29185,68290,123025,108351,6912,14124,15302,3427,12947,208,6175,14379,49,108224,7115,12956,178861,68291,65248,544,28,36926,4152,67290,30163,2127,1153,35198,7221,7685,19773,305,1260,68549,21604,23086,55067,3683,27708,76610,3186,35849,69838,128530,104474,6651,16499,10970,26634,21787
2010-04,61942,3150,0,29422,13711,6246,7958,31270,33900,1535,49658,19044,65759,24143,16270,91309,329637,28870,69467,124194,109009,6986,14105,15500,3427,12933,206,6656,14487,54,108762,7088,13038,179678,69009,65307,548,28,37303,4117,67861,30674,2105,1155,35137,7267,7781,19833,311,1299,68614,22583,24318,55428,3783,29082,77107,3219,44825,72862,130631,107703,6758,16985,11201,26732,22027
2010-05,62604,3129,0,29465,13931,6251,7934,31321,33991,1550,49999,18981,66215,24351,16276,91818,332270,29329,70272,125319,109641,7020,14239,15486,3516,12960,204,6810,14566,69,109186,7050,13138,180375,70102,65631,531,26,36296,4086,67893,31536,2208,1144,34997,7335,7223,19903,315,1331,69105,23608,25047,55776,3750,30310,80035,3272,45413,74324,131550,109936,7301,17090,11347,26949,22162
2010-06,62641,3143,0,29583,13995,6278,7943,31528,34166,1561,50370,19065,65475,24424,16421,92615,335309,29765,70977,126622,110403,6975,14189,15454,3517,13001,203,6726,14614,51,109154,7023,13239,181578,72149,65653,537,34,36678,4069,67970,31750,2240,1112,35716,7299,7281,19969,318,1336,68530,23865,24255,55877,3767,31547,80817,3338,41530,75268,132715,112373,7473,17176,11346,27098,22363
2010-07,63128,3197,0,29783,13558,6292,7860,31614,34351,1601,50480,19089,66088,24744,16426,93377,332817,30157,70706,128260,111048,7041,14249,15542,3645,13078,203,7045,14597,37,108079,7167,13364,182497,73842,65714,564,36,36771,4041,68601,31929,2295,1172,35287,7421,7354,20031,318,1382,68804,23976,24650,56228,3824,32604,82148,3328,42183,73219,133468,115222,7538,17189,11277,27249,22210
2010-08,63228,3191,0,30019,13712,6307,7786,31819,34391,1608,50724,19031,66356,24631,16476,93686,336207,30335,70569,129249,111464,7006,14152,15467,3630,12877,204,7118,14569,34,107905,7144,13492,183457,76968,65359,551,32,36753,4220,69030,32026,2369,1174,35179,7424,7414,20045,321,1391,68815,24132,24718,55972,3880,33661,82581,3373,41238,72634,133446,117141,7423,17075,11245,27271,21281
2010-09,63175,3195,0,30119,13669,6279,7741,32145,34476,1616,51041,19067,66751,24752,16557,94010,339177,30567,70831,130166,112601,7096,14160,15571,3579,12935,204,6505,14499,52,107633,7137,13477,183817,76947,65408,551,32,37104,4030,69698,31876,2328,1104,35276,7526,6870,20097,312,1397,68768,24181,23586,55801,3823,32146,82042,3399,36194,72693,133765,121456,7397,17074,11127,27293,21149
2010-10,63437,3220,0,30307,13787,6425,7745,32156,34353,1616,51422,19135,66598,24837,16479,93871,341043,30889,71136,131451,113302,7134,14196,15653,3467,12861,202,6738,14476,88,107434,6985,13562,185010,77457,65584,555,86,37491,4096,70845,32042,2341,1099,35226,7516,6834,20177,328,1433,68205,24220,23630,55747,3938,32689,81361,3432,40448,73949,134641,123420,7447,17021,11103,27505,21451
2010-11,64634,3218,0,30720,13762,6494,7759,32340,34717,1643,51996,19581,67139,24947,16614,94873,341979,33103,70918,133317,114219,7217,14220,15746,3523,12777,201,6813,14579,117,106914,7033,13821,187240,78404,65866,559,92,38076,4105,72493,32024,2347,988,35127,7666,6902,20236,333,1445,68535,24431,24302,55939,4010,32299,82719,3475,41688,74587,135354,125731,7126,17045,11102,27351,21849
2010-12,65432,3211,0,31009,13826,6536,7721,32536,34655,1736,52868,19684,67325,25263,16657,95542,344163,33473,71119,134694,114775,7156,14192,15787,3532,12795,198,6015,14629,111,106411,6992,13936,188584,78830,66144,628,140,38681,4113,73657,32069,2347,931,35019,7614,7060,20324,327,1414,66416,24486,22838,59991,4000,31183,83953,3487,28776,74514,135663,126462,7394,16735,11022,27394,22056
2011-01,65497,3161,0,31274,13926,6581,7834,32533,34727,1815,52813,19773,67771,25425,16816,96314,375369,33817,71045,135959,115053,7154,14288,15894,3752,12829,201,5738,14571,44,105903,6558,14141,189137,79894,66090,628,150,39062,4143,74254,32330,2486,920,35097,7771,6904,20391,334,1350,66007,24623,23576,58397,3990,31470,83699,3536,28145,69517,136584,126073,7128,15927,10549,27460,21916
2011-02,65879,3126,0,31312,14033,6536,7791,32434,34680,1825,53255,19852,67795,25483,16910,96705,376095,34207,71201,132587,115744,7186,14397,16237,3778,12904,198,5787,14533,44,111999,6533,14286,191989,80472,65796,604,150,38285,3927,75324,32811,2423,897,35093,7791,6950,20373,337,1350,66038,24615,23769,58573,3992,31645,84502,3549,29926,68391,137168,129312,7219,16049,10711,27619,22086
2011-03,65886,3126,0,31498,14387,6543,7777,33037,34886,1808,53574,19868,68673,25509,17007,97331,379687,34860,72926,134126,116871,7365,14445,16425,3654,12880,195,6209,14850,46,112912,6444,14452,194619,80984,65949,515,144,37373,3949,76704,33090,2139,856,35114,7772,6918,20449,334,1338,66078,24719,24448,58677,4128,32313,85385,3555,32512,73501,139882,131234,7106,16290,11037,27756,22476
2011-04,66053,3151,1,31545,14655,6551,7736,33269,34977,1839,53868,20019,68830,25604,17288,98140,379896,35152,72169,135325,118033,7453,14590,16683,3648,12982,193,6548,14755,45,113166,6502,14575,196729,82585,66233,574,152,37799,3981,79155,33436,2200,844,35037,7786,7038,20477,351,1359,66886,25031,25290,59714,4227,33780,88535,3732,36623,81005,141220,133537,7567,16586,11099,27690,23011
2011-05,66465,3188,2,31560,14667,6559,7620,32408,34925,1852,53701,19801,68585,25667,17191,98283,380105,35223,72203,135597,114925,7497,14585,16650,3699,13179,193,6849,14915,49,113336,6791,14520,199237,83568,66093,539,152,37902,3925,79953,34927,2521,850,35031,7799,7719,20391,370,1363,66319,24534,25395,59996,4282,35708,89480,3690,37189,84728,141827,135038,7756,16749,11055,27664,23356
2011-06,66694,3220,3,31574,14691,6570,7583,32467,34878,1835,53660,19773,68664,25368,17286,98766,381819,35419,72359,136286,115593,7512,14652,16677,3567,13214,196,6580,14928,54,113181,6692,14487,200445,84075,65871,537,156,37964,3941,80774,35465,2429,839,35023,7828,7690,20477,367,1358,65616,24782,24643,59714,4335,36710,88825,3723,33647,84035,142623,135911,7971,16949,11076,28154,23214
2011-07,66992,3245,3,31483,13075,6604,7457,32355,34993,1845,53891,19826,68231,25899,17322,99247,384449,35866,72572,137807,116864,7544,14740,16760,3587,13162,196,6438,14902,50,113359,6498,14740,201946,85246,65817,546,140,37143,3988,81839,35819,2238,810,34893,8203,7879,20472,370,1356,66093,24788,24596,60731,4279,36772,89324,3739,33098,78043,143189,136721,8089,16787,11041,28373,23436
2011-08,67049,3264,2,31018,13056,6572,7424,32301,34987,1844,53890,19821,68416,25903,17380,99547,388251,36330,72293,138211,118359,7512,14780,16729,3639,13178,198,6616,14860,52,112975,6503,15445,201871,85757,65373,576,144,37511,3985,82827,35771,2221,800,34969,8227,7808,20488,368,1344,66029,24676,24956,60812,4323,39097,89965,3791,35075,77509,143496,136584,8211,16915,9872,28021,23408
2011-09,68084,3273,2,31292,13344,6553,7451,32511,35080,1865,54167,19865,68807,26091,17391,99648,393192,36529,71614,138851,119059,7581,14799,16796,3617,13008,198,6608,14973,56,113159,6507,15331,203266,86467,65633,572,148,37946,4000,83357,35991,2272,815,35202,8247,7830,20553,368,1352,66538,24133,24789,61738,4393,39118,91989,3763,33093,79872,144363,138531,8212,17317,9871,28060,23581
2011-10,68144,3307,2,31156,13148,6529,7442,32536,35155,1841,54200,19845,69005,25995,17138,99684,391924,36558,71286,139137,119770,7593,14769,16843,3623,12882,199,6588,14983,51,113491,6502,15365,204225,87462,65404,575,146,37806,4001,84180,36108,2276,816,35132,8162,7927,20548,371,1344,66646,24143,25234,61445,4530,38869,92494,3805,35365,85253,144602,142382,8122,17354,9977,27793,23580
2011-11,68493,3268,2,31254,13153,6495,7529,32445,35002,1853,54664,19914,69192,26006,17205,100109,392964,36757,71727,139718,120431,7712,14880,17090,3657,12868,200,6590,14950,56,113641,6459,15659,205953,88124,65524,579,146,38160,4115,85792,37094,2365,816,35174,8149,7976,20588,381,1344,67046,24099,25263,61643,4522,39089,93444,3853,35921,86722,145431,144459,8098,17383,10007,27725,23873
2011-12,69526,3266,1,31509,13100,6532,7590,32352,35199,1861,54625,19913,69623,26195,17294,100579,393957,37076,72095,140731,121015,7706,14945,17067,3656,12870,200,6255,14858,67,114362,6334,15798,207469,89009,65810,626,138,38563,4166,87303,37958,2398,855,35221,8132,7950,20636,392,1349,66717,24131,24512,61721,4546,39445,93406,3870,29557,85103,146542,146619,7877,17277,9960,28126,23940
2012-01,69751,3229,1,31623,13225,6528,7552,32276,35099,1836,54885,19925,69693,26252,17307,100604,395085,37588,72324,141331,121890,7600,15048,16988,3649,12648,199,6075,14753,68,113700,6224,16064,208542,89065,66039,593,134,38717,4137,87371,38261,2394,960,35330,8303,7796,20703,399,1345,66614,24451,24839,61287,4593,37796,89714,3797,30618,75917,146145,146306,7699,17613,9595,28359,23832
2012-02,70143,2532,1,31813,13185,6496,7563,32711,35159,1809,55144,20015,69940,26220,17076,101073,393207,38163,72911,143706,122297,8165,15080,17718,3713,12794,199,6221,14913,66,114493,6109,15502,210070,90047,65711,582,134,39070,4152,88157,39096,2302,951,35558,8362,7778,20680,407,1351,66906,24284,25323,61713,4661,38538,91388,3795,33522,74697,147157,148588,7683,17693,9776,28466,23765
2012-03,69956,2549,0,31821,13035,6478,7504,32661,35322,1786,55453,19927,70260,25908,17123,101392,396249,38468,72772,144377,122710,8212,14969,17803,3651,12910,202,6174,14851,106,115247,6113,15646,210883,90835,65686,553,130,38642,4133,88894,39640,2348,995,35344,8494,7849,20685,406,1349,67865,24612,25332,61789,4636,39041,92457,3850,35263,83187,149562,151837,7773,17784,9948,28523,24042
2012-04,70275,2543,0,31644,13129,6470,7504,32718,35368,1788,55742,19961,70623,25379,17342,101546,375403,38482,72576,145950,122434,8213,15015,17790,3652,12971,201,6733,14887,107,115504,6140,15826,211216,91507,65774,553,138,38541,4120,90294,39699,2361,986,35292,8593,8188,20631,371,1359,68130,24989,26135,62190,4692,39941,93388,3883,38316,89576,151102,154479,7870,18092,10567,28514,24381
2012-05,70806,2515,1,31866,13200,6422,7481,32736,35658,1816,56014,20378,71082,25457,17338,101930,393518,38503,72631,146314,123312,8240,15065,17869,3650,13165,204,6988,15033,93,115946,6190,15847,209570,91925,65849,555,138,38925,4109,91747,40404,2393,989,35384,8582,11135,20647,362,1371,68263,25196,26167,62691,4781,40813,94496,3900,38042,92141,152573,156073,8027,18158,10747,28388,24467
2012-06,70644,2533,0,31907,13009,6356,7446,32912,35990,1815,56000,20453,71567,25519,17551,102300,394446,38716,72787,146525,124225,8314,15029,17879,3700,13305,206,6961,15125,91,115075,6425,15925,211064,92312,65804,542,134,39375,4153,93124,41167,2372,1048,35518,8698,11134,20729,367,1351,68470,25212,26729,62992,4823,41055,96954,3908,35465,92068,153200,157916,8709,18161,10810,28529,24619
2012-07,70678,2519,1,31958,12998,6448,7384,33012,35846,1801,56065,20405,71669,25465,17554,102470,404057,38817,73097,146949,124210,8403,15127,17874,3796,13388,209,6666,15258,58,114884,6279,16160,212123,93236,65922,547,128,39656,4220,94533,41677,2376,1021,35560,8996,11347,20761,361,1375,68807,25303,26850,63479,4877,40882,97071,3900,37589,87245,153005,159397,8810,18403,10837,28503,24735
2012-08,70763,2545,1,32099,12951,6533,7343,33133,36130,1783,56511,20432,72158,25403,17776,102613,408767,38955,73393,147144,124174,8328,15073,17765,3768,13349,209,6889,15327,79,114939,6125,16314,213368,93746,65872,542,126,39585,4275,97257,42064,2387,1029,35623,9009,11457,20931,356,1431,69110,25431,26816,63929,4933,40868,96209,3929,38486,86886,153481,160932,9022,18878,10939,28527,24844
2012-09,71280,2508,1,32423,13063,6623,7362,33299,36680,1778,56950,20556,73004,25414,17953,103389,411894,39175,73795,147809,125076,8406,15096,17866,3683,13433,211,6774,15378,79,114776,5977,16479,214014,94357,66045,540,126,39561,4301,99487,42133,2267,1102,35814,8914,11594,20989,422,1466,76711,25570,26573,56711,4931,41027,96532,3899,33498,92823,154324,163701,8994,19010,10869,28423,25326
2012-10,71403,2498,1,32466,12757,6618,7308,33487,36773,1782,56797,20706,73646,25444,17852,103846,413118,39274,72602,147648,132979,8403,15013,17979,3872,13407,213,6802,15300,86,114220,5918,16660,214567,94399,66008,544,124,40229,4293,99850,42406,2281,1081,35887,8850,11621,20981,420,1471,76886,27297,26653,56429,4898,41301,97746,3931,35640,96278,154528,165769,9014,19019,10861,28448,24562
2012-11,72170,2517,1,32508,12814,6647,7333,33719,36837,1774,57308,20872,74101,25272,17862,104168,416191,39660,72775,147837,133554,8440,15051,18025,3944,13509,215,7107,15305,55,114192,5775,16907,215512,94644,66255,547,122,41164,4318,102222,42898,2309,1036,35900,8909,10887,21064,421,1446,78497,27712,26102,56545,4951,41624,100640,3947,35947,97231,155054,167038,9007,19004,10764,28480,23880
2012-12,73169,2574,1,32519,12972,6593,7377,33742,36859,1780,57732,21007,74263,25285,17957,104702,418613,40007,73095,147020,134150,8435,15059,18123,3936,13512,211,6942,15288,39,114050,5695,17113,215733,95189,66409,582,122,41176,4363,103098,43078,2342,1030,35191,8926,10876,21126,420,1456,78476,27843,27113,56572,5009,41617,104229,3939,29763,93603,155905,167201,8980,18737,10709,28590,24099
2013-01,73512,2538,1,32653,13171,6393,7385,33786,36580,1755,58075,21009,74610,25071,17767,104685,422373,40340,73281,146628,135748,8397,15023,18148,4068,13480,211,6867,15351,87,113168,5414,17333,224207,95663,66265,583,126,40989,4303,103704,45013,2351,974,35457,9014,10611,21092,428,1467,77113,27515,28153,55890,4785,41141,104785,3923,31378,84423,155908,166906,8288,18454,10465,28691,24048
2013-02,73815,2186,1,32718,13158,6431,7457,34028,37126,1778,58840,20385,75254,25169,17831,104894,424878,40685,73329,147361,136323,8451,15022,18155,4054,13342,209,6955,15455,141,112895,5414,17581,226686,96344,66288,575,122,41640,4306,104445,45652,2375,967,35559,9055,10341,21088,459,1486,77262,27774,28553,56024,4752,41083,107655,3942,34321,83807,157132,171087,8283,18557,10718,28800,23920
2013-03,73967,2182,1,32901,13060,6425,7522,34077,37136,1768,58995,20042,75463,25001,17825,105593,425200,40877,73287,147853,136920,8572,15060,18167,4061,13464,209,7193,15505,141,113227,5338,17468,227381,97133,66412,564,120,42023,4803,106922,45879,2345,960,35368,9007,10432,21157,450,1465,77611,28336,28714,56401,4825,41015,107896,3903,36484,89500,159671,171770,8395,18952,10887,28815,23969
2013-04,74311,2170,1,33018,13105,6496,7570,34253,37281,1759,59361,20127,75502,24914,17725,105742,426124,41630,73498,148337,137526,8604,15049,18196,4079,13492,209,7182,15279,201,113327,5319,17481,228818,97120,66215,540,120,42608,4776,110242,47066,2340,958,35417,8891,10038,20796,450,1685,77632,28503,28870,56183,4860,40801,109412,3934,34519,95246,160517,176962,8860,19452,11614,28919,24013
2013-05,74657,2185,0,33347,13022,6603,7653,34241,37518,1752,59640,20154,76313,25040,17671,106513,427392,41725,73737,148805,137780,8737,15017,18269,4093,13550,210,7136,15366,301,113664,5430,17530,230080,97790,66395,545,118,42400,4832,113111,47781,2314,946,35468,8877,10079,20830,449,1600,78010,28928,29127,56486,4973,41183,111033,3979,36634,96492,162047,179791,9132,19642,11739,28971,24070
2013-06,75351,2419,0,33534,13093,6594,8107,34280,37831,1759,60024,20325,76409,24940,17225,107286,428398,42300,73908,149644,137575,8768,14525,18400,4065,14134,210,7340,15047,345,113892,5003,17690,231975,99094,66347,512,120,42946,4832,115214,48706,2297,953,35458,8844,10108,20839,444,1628,78481,29014,29462,56632,5006,41623,112553,3864,36429,95091,162975,184041,9253,19678,11809,29094,24489
2013-07,76085,2429,0,33804,13862,6465,8068,34052,37999,1775,60438,20410,76722,24890,17315,107429,428932,42836,73913,150247,137442,8684,14551,18403,4089,14303,211,7469,15086,446,113993,4944,17905,232392,100308,66249,505,122,43031,4576,116479,48771,2289,964,35547,9162,10285,20774,437,1623,78384,29139,29549,56857,5083,41976,112242,3764,37355,88173,163109,187189,9406,19788,11893,29354,24358
2013-08,76326,2395,0,33910,13893,6466,8032,34061,38029,1777,60625,20475,77360,24927,17281,107076,429854,43165,74408,151964,137561,8701,14520,18521,4024,14380,209,7340,14981,375,113679,4971,18102,233956,101984,66096,500,120,42441,4754,119503,48891,2403,981,36637,9142,10344,20745,435,1649,78657,29172,29806,57203,5093,41590,112576,3835,33728,87734,163658,190212,9235,20010,12001,29451,24392
2013-09,76485,2392,0,33993,13934,6497,8066,34025,38122,1755,61076,20488,78032,25223,17291,107850,431455,43398,75114,152526,137949,8788,14453,18582,4381,14401,218,7391,14959,467,113967,5168,18356,234840,102788,66250,504,116,42504,4773,121258,48826,2412,976,36569,9135,10413,20725,437,1659,78801,29276,29761,57054,5073,41282,113661,3742,36065,89876,164141,194236,9300,20000,11989,29539,24440
2013-10,76830,2329,0,34080,14070,6369,8125,33874,38634,1689,62565,20399,78130,24953,16845,107813,432341,43855,75050,154659,136705,8945,14267,18422,3880,14137,220,7324,15087,477,113481,5101,18472,234836,103698,66207,501,130,42556,4910,122451,51262,2453,976,36392,9254,10104,20675,441,1622,78631,29153,29906,56916,5120,41642,114375,3737,35924,95129,164916,200432,9333,19984,12117,29250,24414
2013-11,77251,2347,0,34098,14135,6459,8255,34194,38715,1700,63075,20484,78814,24991,16586,108609,433928,44091,75517,155861,137366,9059,14290,18528,3822,14037,208,7122,15199,480,113623,5288,18625,236708,105209,66632,513,132,44417,4925,126140,51820,2443,904,36253,9285,9950,20672,763,1319,78910,28669,30487,57444,5155,41256,118328,3721,35047,95328,165945,203432,9246,19980,12483,29253,23356
2013-12,77664,2444,1,34106,14125,6381,8380,34025,39552,1736,63548,20704,79107,25065,16045,108754,429012,44549,75569,161049,136804,9594,14167,19103,3865,14212,208,6925,15246,366,113223,5288,19182,237327,105487,66754,561,134,44399,4899,128038,53994,2361,941,36288,9141,9765,20664,766,1278,78705,28523,30811,56318,5293,40944,119191,3694,29753,92737,166377,203406,6623,19641,12427,30273,22779
2014-01,78631,2365,1,34285,14190,6442,8515,33917,39637,1685,63774,20795,80410,24816,15849,109291,425889,44774,76436,162802,137296,9838,14135,19375,3922,14170,207,6997,15477,314,112907,5020,19394,239064,106292,67104,690,132,43725,4900,129527,54963,2236,946,36359,11271,7119,20605,750,1414,79229,27865,33632,56980,5334,40357,123563,3734,30583,83753,166601,203044,6448,19541,12178,30421,21579
2014-02,78958,2361,1,34361,14091,6369,8670,33901,39578,1596,64120,20818,81043,24561,15765,110119,425306,44475,76670,165096,138014,9847,14080,19379,4006,14972,202,7063,15553,335,113230,5055,19547,240422,107127,66875,671,130,43891,4882,129673,55432,2301,944,36354,11354,7108,20569,741,1413,79573,28034,34345,57005,5367,41427,124686,3715,32156,82919,167809,207473,5838,19595,12488,30510,21697
2014-03,79026,2352,1,34416,14156,6398,8687,33545,39654,1579,64374,20804,81308,24566,15535,109855,425468,44549,77145,165613,138587,9970,14078,19547,4026,15245,202,7410,15498,362,112273,5164,19396,242015,107288,66773,485,202,43386,4880,131203,55858,2387,962,36309,11300,7246,20567,786,1495,79767,28133,34808,56971,5422,41580,128543,3726,34412,87911,169788,208937,6034,19871,12651,30487,22061
2014-04,78898,2405,1,34846,13919,6493,8793,33517,39590,1637,65174,20624,81346,24633,15325,110726,423277,45058,78305,167711,138839,9953,14067,19554,4037,15374,206,7312,15553,360,112636,5395,19293,243053,108716,67006,486,202,43802,4892,133875,55970,2354,960,30557,11181,7145,20590,793,1503,80655,28212,34959,57093,5467,41697,130347,3775,33009,95031,171476,211652,6482,20302,12863,30375,22162
2014-05,78741,2419,1,35051,13659,6567,8846,33340,39859,1678,66406,20871,82619,24550,14597,112750,418857,45068,78086,168751,138725,10176,13918,19677,3884,15545,213,7684,15617,296,113462,4862,19328,245426,110101,67040,464,204,42399,4715,136225,56151,2131,948,27482,11073,7077,20406,799,1638,81503,26351,36457,57325,5449,42630,134570,3748,35273,95909,172949,213834,6385,20505,12999,30706,21848
2014-06,78854,2429,1,35129,13631,6483,8998,33162,39999,1532,66724,21039,83718,24079,14162,113219,415168,45052,78246,169232,137353,10644,13920,20093,3311,15267,210,7644,15844,301,113883,4791,19391,246097,110919,66667,270,190,42077,4653,137785,55998,2176,924,27658,11034,6313,20314,796,1641,81035,25684,38266,57334,5453,42736,140161,3595,34307,94645,173125,217087,6568,20819,13164,30211,20989
2014-07,78936,2415,1,35103,13579,6424,9007,33090,39895,1522,66962,21027,84153,24059,14137,113624,414301,44949,78300,169943,137237,10651,13991,20055,3326,15274,207,7757,15916,294,113835,4707,19257,247369,112149,66627,278,192,42076,4733,139649,57088,2160,915,27430,11363,5842,20321,823,1613,81473,26274,39150,57551,5479,43158,139085,3575,35164,89117,174086,219803,6576,21003,13232,30262,20806
2014-08,79308,2432,2,35058,13841,6469,9051,33192,39881,1545,66694,21133,84596,24252,14053,114391,413895,45051,78598,170136,137421,10670,14127,20093,3369,15327,204,7799,15957,308,114584,4932,19572,248158,113731,66652,273,188,42208,4864,142759,57152,2168,862,27308,11352,5922,20342,827,1642,81901,25315,39199,57456,5567,43453,140499,3570,31602,88638,174690,221468,6657,21105,13502,30436,20792
2014-09,79318,2431,2,35172,13865,6443,9096,33353,40129,1527,66769,21171,84839,24080,14034,114882,413164,45244,78967,170294,137796,10658,14173,20153,3396,15118,200,7794,15934,307,114303,4828,19477,249979,114504,66607,272,192,42246,4902,144766,57107,2236,857,27322,11373,5879,20333,831,1628,81988,25320,39289,57270,5552,43460,140311,3522,33004,91696,174693,224641,6452,20813,13511,30360,20972
2014-10,79490,2439,2,35065,13781,6431,9105,33369,39723,1516,66961,21128,85046,24061,13957,114998,411309,45569,79371,170925,137122,10536,14246,20016,3392,15252,199,7800,15978,273,114437,4679,19596,250689,115078,66743,273,192,42145,4880,147626,56883,2202,849,27302,11985,5943,20367,839,1638,82001,25560,39569,57460,5533,43849,141243,3571,32248,96599,175537,228086,6456,20808,13605,30347,21136
2014-11,79388,2415,4,35039,13789,6487,9202,33486,39589,1523,67197,21485,85462,24196,13816,115389,410129,45789,79557,171981,137503,10610,14285,20156,3429,11977,200,7777,15959,285,114809,4556,19727,252765,116483,66821,270,192,43039,4881,151315,56909,2218,848,27229,11995,5183,20278,841,1636,82359,25707,40119,57399,5551,44061,142723,3612,32138,97430,176007,230207,6272,20861,13660,30596,21402
2014-12,79973,2438,6,35007,13740,6497,9188,33667,39719,1536,67558,21742,85997,24249,13912,115899,409426,45849,79578,172723,138066,10722,14518,20395,3187,12203,209,7473,15999,239,109732,4462,19837,254552,117737,67268,392,196,43853,5159,153257,57064,2269,847,27166,12231,5054,20289,848,1637,82515,25653,40355,57614,5394,43572,142602,3640,25369,94741,176785,230175,6092,20238,13674,30625,21320
2015-01,79990,2408,5,35474,13483,6491,9214,33835,39643,1540,67646,21019,86056,24345,13969,115792,410080,45955,79538,172998,135706,12588,14579,20355,3167,12305,210,7312,15914,246,109023,3982,20010,256627,118249,67323,445,198,43362,5577,152519,57365,2255,852,27008,12507,5089,20325,822,1638,81720,25633,40538,57441,5370,42251,137792,3601,26297,87402,175982,229379,5867,19929,12930,30787,21465
2015-02,80488,2395,5,35318,13479,6441,9278,33961,39740,1557,67962,21185,86574,24599,13977,116297,410443,46447,80276,174161,136406,12514,14787,20203,3045,12259,212,7613,16039,276,110045,4077,20120,259317,120720,67531,411,196,43363,5636,153862,57746,2287,850,26991,12595,5147,20401,819,1639,82643,25581,41245,57810,5450,43743,141042,3650,28335,87020,177384,233500,5821,20348,13092,30791,21540
2015-03,80751,2401,9,35381,13518,6409,9227,34017,39809,1532,68142,21289,86454,24637,13931,115909,410259,46351,80415,174086,136272,12495,14876,20154,3091,12176,219,7841,15946,371,110179,4144,20350,259207,120265,67582,252,212,36534,5269,154226,57715,2695,857,26925,12560,5061,20325,823,1631,83203,25212,41716,58144,5417,44223,141287,3694,31711,89605,179409,232245,5667,20571,13763,30541,21597
2015-04,81112,2417,5,35266,13489,6472,9216,34100,39831,1544,68440,21483,87110,24781,13947,116145,407680,46367,80882,175176,136480,12554,15046,20251,3107,12115,219,8020,16011,337,110792,4221,20418,262495,122380,67930,250,210,36748,5190,157970,58320,2742,858,27013,12561,7418,20359,819,1644,83593,25319,42225,58168,5455,44457,145528,3774,29459,96199,181397,237535,6148,21109,14684,30281,21742
2015-05,81443,2447,5,35244,13552,6528,9251,34082,39988,1545,68315,21752,87490,24984,14034,116622,407389,46034,80813,175562,136948,12567,15117,20317,3134,12203,224,8227,16121,343,111408,4258,20543,264614,123792,68128,250,208,37049,5261,161467,58409,2814,855,27002,12586,7463,20389,832,1669,77489,25317,42562,59140,5562,45226,146753,3786,32105,97268,182460,240775,6709,21177,14770,30287,21925
2015-06,81075,2471,4,35039,13355,6446,9340,34189,40040,1559,68910,21748,87805,25033,14008,116068,404783,46136,81230,176229,137781,12631,15252,20404,3128,12486,223,8344,16038,336,111636,4335,20547,266257,124244,68060,248,204,38128,5254,165596,58387,2745,849,26920,12615,7446,20480,844,1667,77605,25348,42409,59416,5618,45224,146132,3830,32637,95059,182840,243239,6868,21230,14917,29994,22138
2015-07,81796,2494,6,35228,13477,6464,9433,34236,39969,1574,69054,21879,88127,25041,13929,116541,397371,46242,81554,176770,138023,12572,15399,20353,3157,12574,225,8533,16017,346,111768,4442,20685,268026,125820,68013,248,202,38397,5283,169828,58914,2791,845,26998,12701,7674,20493,895,1701,78186,25531,42826,60055,5705,45698,147034,3843,33738,90659,182511,246047,6844,21412,14909,30154,22178
2015-08,81815,2451,6,35253,13658,6261,9468,34038,39983,1571,68356,21840,88403,25287,13643,117405,396810,46251,81913,176985,137609,12558,15440,20427,3150,12587,221,8491,16020,336,112271,4553,20897,269674,127340,67987,239,200,38690,5398,175210,60020,2898,859,26944,12675,7907,20511,904,1687,78704,25462,41342,58066,5748,45757,146615,3832,30535,90806,182909,249740,7376,21632,14990,30227,22317
2015-09,82087,2490,6,35315,13664,6341,9503,34127,40121,1625,67749,22080,88695,25433,13631,118142,396833,46479,82875,178165,138833,12565,15606,20432,3144,12725,222,8683,16077,345,112770,4619,20978,273261,129030,68282,238,204,39272,5456,180839,60094,2923,850,26894,12623,8126,20536,877,1687,78957,25058,42168,58208,5520,46249,146299,3899,32442,93558,183357,256525,7163,21535,15211,30236,22112
2015-10,82634,2502,5,35335,13715,6378,9524,34205,40257,1677,67763,22289,88895,25682,13621,118445,397609,46458,83173,178973,138760,12585,15765,20446,3182,12710,223,8666,16208,337,113103,4689,20962,273159,130774,68392,219,202,39585,5576,184550,60993,2826,844,26864,12666,8216,20520,873,1811,78964,26763,42481,58573,5561,46552,147501,3987,33643,98787,183648,260006,7199,21491,15475,30307,22211
2015-11,83009,2531,5,35482,13671,6421,9556,34234,40452,1661,68392,22428,89351,25693,13450,118941,396236,46535,83626,179932,138833,12574,15988,20534,3241,12687,218,8592,16198,286,113960,4814,21105,274980,133018,68522,222,218,39998,5757,190704,61422,2855,834,26882,12752,8254,20520,879,1720,79446,26882,42773,58814,5586,46155,148762,4001,32599,99016,184204,263447,7031,21496,15433,30479,22698
2015-12,83575,2546,6,35446,13685,6404,9566,34357,40681,1525,68833,22452,89683,25336,13515,119484,395256,46906,83853,181144,139259,12553,16143,20549,3289,12639,214,8235,16269,263,114441,4869,21250,276574,134095,68731,394,212,40215,5788,193597,61947,3012,833,26851,12771,8103,20571,881,1774,79981,26823,42724,59004,5648,45582,149773,4047,25859,96117,184864,263479,6754,21295,14619,30857,22890
2016-01,84194,2527,6,35518,13618,6351,9573,34309,40948,1566,68977,22486,89960,25603,13396,119487,399895,47141,84001,181493,138827,12423,16150,20517,3250,12652,210,8084,16147,269,114145,4807,21464,278838,134124,68662,439,218,40699,6070,193667,61936,3106,818,26957,12714,8141,20522,880,1810,80720,26995,43025,58667,5593,43747,147643,4091,27248,89951,184346,259727,6493,21172,13223,31000,23063
2016-02,84612,2421,6,35447,12897,6410,9692,34375,41113,1564,69270,22552,90129,25733,13450,120036,398437,47231,84413,181750,139113,12392,16235,20433,3255,12670,211,8215,16299,287,114630,4934,21645,279768,135277,68787,413,224,40840,6185,200601,62244,3179,825,27020,12672,8233,20478,885,1806,80999,27038,43091,58311,5692,45354,148920,4171,29153,89464,185619,261768,6571,21490,13375,31054,23123
2016-03,83939,2426,6,35407,12756,6419,9696,34234,41050,1554,70788,22386,90353,25802,13443,119814,395094,47141,84261,181992,138860,12226,16348,20370,3236,12870,218,8368,16415,408,115531,5079,22057,281693,135257,68936,235,228,40824,6033,202842,62639,3130,812,27044,13090,8199,20555,891,1802,81074,27377,43179,58943,5696,46253,148050,4277,32339,92145,182228,257341,6795,21597,13545,31059,23347
2016-04,84117,2452,7,35537,12823,6462,9649,34712,40937,1579,71137,22769,90893,25995,13438,120115,392165,46461,84484,182721,139703,12343,16419,20522,3228,12775,221,8199,16521,410,133637,5162,22155,283886,137198,69129,241,150,41134,6065,205904,63212,3171,822,27077,12939,8316,20604,878,1788,81856,27745,43118,59273,5845,47248,149222,4289,30507,98496,184585,258503,7268,22057,13476,31071,23516
2016-05,84604,2459,7,35678,12847,6534,9661,34582,41020,1625,71414,23307,90924,26124,13429,120477,390248,46784,84407,183492,139710,12284,16547,20540,3251,12855,220,8307,16446,425,134084,5195,22362,286113,138292,69320,239,154,41385,6068,209763,63634,3226,812,27083,12974,8371,20780,889,1817,82511,27828,43523,59549,6045,48464,150178,4299,32113,99902,186140,261173,7723,22046,13485,31020,23689
2016-06,85017,2517,7,35646,12873,6615,9610,34293,41043,1625,71850,23423,91140,26316,13203,120766,387640,46725,84283,184009,139913,12278,16661,20540,3284,13091,221,8480,16525,431,134723,5259,22534,287757,139234,69251,242,154,41372,6130,213587,64111,3238,819,27114,12758,8561,20867,889,1829,82738,28059,43939,60255,6123,48420,150936,4343,33054,99561,187132,263974,9351,22043,13524,31123,23729
2016-07,85633,2546,7,35712,12810,6601,9679,34362,41036,1624,72072,23479,91363,26402,13091,121442,387009,46881,84510,185112,140267,12070,16739,20613,3313,13273,221,8476,16618,426,135148,5309,22824,289638,140834,69258,244,152,41714,6294,217469,64695,3319,815,27494,13017,8771,20902,893,1841,82168,28206,44179,60719,6238,49259,151301,4396,34250,94049,187910,266014,9477,22433,13651,30860,23828
2016-08,85948,2536,7,35722,12612,6503,9699,34516,40860,1612,72393,23417,91523,26476,12999,121520,390687,46837,84259,185618,140307,12017,16777,20559,3314,13161,221,8365,16708,287,135301,5319,23798,290531,141787,69284,240,148,41385,6342,220199,65188,3389,811,28145,13124,8991,20966,890,1849,77813,28278,44149,60989,6338,49250,151633,4450,30653,93792,188147,267755,9428,22456,13627,30923,23872
2016-09,86588,2528,7,35794,12557,6525,9704,34683,41056,1600,72783,23670,91895,26492,13072,121984,390213,47171,84424,186637,141331,12075,16903,20586,3357,13278,226,8349,16720,278,136080,5422,23583,292570,142249,69344,240,150,41465,6265,221642,65589,3438,777,28115,13080,8970,20977,902,1852,78383,28115,44274,61073,6438,49261,153352,4530,32151,96606,188873,270386,9042,22187,13718,30843,24041
2016-10,86811,2501,7,35811,12565,6517,9780,34765,41086,1610,73049,23834,91948,26629,13066,122364,389735,47104,84837,187535,141039,12092,16982,20692,3397,13362,227,8379,16872,286,136645,5560,23995,292497,143420,69508,240,152,41486,6307,224019,66271,2947,776,28112,13195,9083,20980,901,1860,78724,27967,44587,61223,6476,50106,153583,4567,32341,101534,189488,273602,9145,24928,13747,30906,24055
2016-11,87289,2451,5,35911,12386,6550,9878,34895,41074,1611,73168,23959,92366,26898,13078,122665,389078,47344,85444,188372,141326,12443,17060,20816,3393,13392,223,8322,17062,297,136758,5512,23961,293834,145047,69806,237,154,41796,6264,226593,66823,2933,750,27934,13186,9007,21009,902,1860,78876,27788,45180,61361,6548,49726,155152,4612,31499,101717,190331,275680,8912,24905,13803,30993,24384
2016-12,87893,2466,5,35892,12417,6621,9873,34867,41143,1597,73195,23976,92757,26969,13145,123201,388717,47836,85562,189257,140816,12471,17173,20915,3405,13295,222,8024,17098,188,136333,5445,23929,295331,145503,69730,283,150,42240,6251,227513,66992,2902,748,27923,13173,8991,21200,906,1870,79553,27748,45407,61722,6710,49077,155712,4633,25923,98829,190775,276952,8736,24664,13836,31228,24387
2017-01,88543,2467,5,35947,12388,6569,9933,34772,41131,1594,73716,23927,92858,26870,13134,123654,389149,47964,86127,190408,140237,12420,17256,20865,3403,13381,216,7987,17047,217,136486,5331,24050,297038,146275,69527,409,150,42591,6305,227268,66536,2949,754,28023,13358,8803,21128,914,1865,77337,28007,45317,62834,6781,47917,153663,4554,27303,93126,190602,275791,8363,24562,13749,31306,24292
2017-02,88368,2495,4,35948,12410,6576,9969,34788,41247,1600,74291,23980,93266,27029,13263,124140,389377,48282,86857,191574,140427,12455,17452,20916,3415,13524,214,8216,17305,254,137286,5272,24110,297445,147586,69538,404,156,42592,6596,227675,67319,3006,760,28146,13461,9001,21096,925,1892,78799,28287,45846,63380,6704,49390,156668,4587,30369,92605,192157,279320,8385,24659,14144,31372,24405
2017-03,88335,2520,4,35904,12537,6569,9962,34829,41253,1576,74320,24075,93589,27048,13321,124596,391816,48296,87169,192121,140251,12488,17486,21109,3646,13467,221,8309,17572,264,137969,5395,24248,297589,147608,70019,254,160,42446,6429,228266,67488,3040,749,28078,13576,8936,21213,936,1935,78282,28178,46068,65300,6872,49985,157527,4556,33697,95202,194474,275825,8430,24375,14251,31487,24467
2017-04,89067,2524,5,35880,12458,6595,10027,34731,41422,1620,74335,24214,93921,27156,13329,125159,391492,48631,87420,193415,140474,12314,17605,20967,3598,13495,220,8345,17805,270,139146,5539,24125,299042,148539,70138,239,160,42574,6440,231221,66967,3038,726,28203,13522,9056,21245,945,1940,78895,28123,46459,65948,6911,50441,158455,4645,33651,101624,196732,279670,8768,24582,14412,31457,24629
2017-05,89004,2519,6,35796,12218,6581,9985,34713,41429,1633,74410,23810,93638,27263,13266,125247,390435,48741,87645,194071,140414,12341,17572,21000,3679,13523,222,8477,17916,275,139258,5519,24064,298803,148804,70037,244,158,43316,6448,232254,66991,3067,716,28210,13565,9133,21397,955,1937,79244,28297,46480,66206,7001,50856,160466,4678,34252,102529,197587,282346,9291,24483,14408,31424,24662
2017-06,89268,2575,5,35776,12120,6575,9928,34655,41113,1652,74530,23916,93515,27342,13225,125533,391264,48770,87869,194376,140369,12374,17573,21038,3687,13831,223,8586,18007,264,140156,5494,24136,300126,149505,70075,252,158,43504,6492,233996,67083,3055,708,28288,13438,9235,21420,956,1949,79849,28501,46459,66568,7119,50651,160445,4703,33983,101081,198638,285406,9474,24594,14482,31374,24593
2017-07,90044,2601,5,35713,12079,6542,9879,34654,41009,1644,75076,24008,92944,27426,13233,125939,392948,48514,88166,196103,141131,12313,17602,20998,3718,13892,224,8886,18052,265,140906,5638,24301,301640,150640,69990,258,152,43465,6557,236333,68377,3033,710,27923,13475,9317,21549,954,1960,80682,29171,46502,67365,7221,51093,159451,4807,35329,96957,199249,288391,9707,24943,14595,31621,24633
2017-08,89946,2603,5,35600,11947,6461,9842,34585,40635,1665,75088,24006,92285,27112,13171,125911,393307,48868,88045,197191,140765,12348,17620,20962,3760,13640,220,8694,18084,255,141462,5674,24440,302419,151166,69717,258,150,43615,6628,239468,69325,3114,708,28194,13470,9216,21599,951,1971,81176,29289,46278,67363,7436,52726,157291,4863,33205,96272,199326,290690,9959,25053,14685,31796,24668
2017-09,90753,2585,6,35490,11880,6415,9867,34345,40648,1677,75465,24066,92313,27212,13192,126385,395716,49297,88894,198942,140060,12302,17581,20886,3776,13670,220,8583,18137,257,140211,5385,24587,303240,150306,69820,254,150,43732,6605,239041,69628,3106,1385,28167,13383,9241,21611,938,1973,81034,28939,46730,67333,7562,53014,157645,4853,34591,100489,200092,296958,9823,24928,14684,31564,24787
2017-10,91029,2582,6,35456,11853,6384,9881,34402,41063,1676,75391,24108,92354,27015,13139,126616,395711,49496,89094,199496,140669,12277,17699,20968,3790,13602,221,8563,18184,255,140416,5464,24749,303114,151138,69750,255,152,43760,6645,241028,69314,3130,1392,28150,13064,9227,21551,947,1977,81130,29082,47146,67244,7562,53176,157824,4865,35531,103207,200871,298905,10200,25148,14721,31563,24756
2017-11,91224,2543,4,35282,11828,6377,9892,34548,41148,1682,75566,24232,92672,27077,13104,127144,397559,49696,89318,200865,140993,12221,17841,20961,3856,13629,222,8282,18387,271,141315,5578,24862,305019,152557,69889,257,146,43710,6662,244434,70396,3172,1358,28163,12956,8901,21606,932,2004,81329,28758,47610,67486,7644,52837,157256,4930,35132,103523,202235,303058,10176,25115,14731,31496,25102
2017-12,92017,2575,3,35290,11859,6448,9962,34547,41363,1688,75907,24361,92784,27160,13151,127949,398235,49987,90126,202044,141334,12313,18113,21025,3935,13601,220,7944,18299,258,141480,5708,24913,306797,152744,70238,304,148,43984,6637,247515,70687,3202,1347,28100,12897,8980,21714,934,2055,81665,28723,48072,67736,7695,52436,156451,4885,28630,101301,202712,304185,10094,24962,14750,31698,25311
2018-01,91239,2565,3,35100,11898,6417,9907,34450,41272,1695,75983,24480,92502,26899,13039,128157,400884,50108,91211,202493,140291,12091,18391,20700,3949,13741,220,8368,18349,240,140594,5706,24875,306781,153496,70001,425,146,43805,6802,248714,71395,3198,1350,28400,12819,9048,21799,931,2080,80727,27874,49892,66046,7617,50763,148796,4907,29441,95673,201992,301156,9896,27306,14466,31977,25149
2018-02,91531,2572,3,35192,11982,6453,9946,34632,41685,1723,76118,24735,92991,27117,13115,128728,401992,50349,91258,203018,139902,12325,18463,20868,3927,13868,220,8525,18548,266,141999,5744,25259,310141,156417,69996,424,156,46270,6748,257573,73066,3284,1373,28443,12841,8511,21863,933,2110,81953,26981,50286,66473,7862,51729,150908,4930,32946,96148,203671,304238,10600,27226,15101,32154,25479
2018-03,91578,2563,2,35156,11973,6422,9917,34588,41563,1731,75683,24881,92871,27069,13113,128372,402168,50373,89430,203308,138995,12267,18515,20959,3956,13798,225,8765,18541,278,129170,5960,25469,309706,157113,70098,269,170,46095,6521,259857,73979,3228,1376,28529,13074,8628,21924,961,2125,82228,27245,50635,66686,9151,52153,155347,4927,36724,100474,206825,303496,16393,27757,15723,31440,25688
2018-04,92470,2567,2,35136,11917,6410,9938,34621,41508,1745,74854,24940,92757,27140,13115,128274,401126,49425,89531,204163,138176,12322,18610,21117,3902,13633,226,12594,18659,307,129831,5497,25589,311651,158515,70279,269,168,46428,6705,265755,74479,3206,1389,28585,13047,8683,21996,945,2181,82939,26427,48871,67018,9267,52670,155831,4895,37285,108440,208825,307839,17794,28152,15699,30893,21972
2018-05,92503,2603,1,34784,12071,6357,9971,34659,41515,1748,74494,25002,92277,27140,13103,128208,401075,49307,89762,204324,138199,12296,18582,20987,3956,13698,230,12787,18662,363,130499,5509,25750,311886,159710,70685,262,170,46803,6736,269842,75016,3246,1555,28612,13050,8760,22043,955,2168,83813,26680,49179,67295,9600,53402,156990,4907,38318,109458,209843,310877,18765,28197,15659,31044,22053
2018-06,92958,2633,1,34755,12160,6339,9930,34669,41819,1783,74621,25392,91980,27350,13050,128292,399504,48816,89636,204391,138432,12417,18640,21105,3972,14048,207,13010,18798,393,131416,5547,25963,314071,160492,70848,262,154,47148,6789,274056,75641,3288,1550,28659,13058,8802,22230,952,2204,84278,26663,49582,67253,9792,53635,157519,4851,37979,108284,211294,314360,19240,28686,15766,31104,21977
2018-07,92731,2633,2,34396,12273,6301,9866,34716,41643,1837,75655,25653,92458,27528,12854,128260,400701,48867,89496,204774,138472,12119,18702,20999,4072,14294,206,13251,18906,391,132206,5719,26037,315564,161310,71138,261,152,47237,6920,278148,76156,3308,1546,28498,13075,8997,22364,950,2242,84371,27181,49970,68029,10137,54228,167666,4833,39441,104158,211570,318741,9847,28894,15887,31323,21911
2018-08,92924,2874,2,34183,12308,6247,9768,34496,41714,1839,75565,25760,92131,27521,12913,128170,400355,49008,89428,204784,137830,12171,18339,20999,4047,14155,207,12916,19055,369,132839,5690,26159,317276,162181,71274,262,154,47184,6824,280489,76180,3350,1555,28659,13094,9137,22365,942,2247,85021,27278,50640,67939,10186,53599,168713,4875,36719,103463,212219,321739,9768,29227,15983,31370,21956
2018-09,93498,2877,2,33964,12434,6275,9792,34486,41880,1829,75532,25778,92009,27420,12944,128057,401394,49008,89524,204432,137707,12161,18427,20945,4077,14149,209,12748,19153,390,133518,5773,26293,319237,163221,71625,258,160,47519,6712,283345,76493,3311,1548,28201,12527,9587,22439,955,2276,85402,27334,50467,68018,10264,52562,166144,4899,38229,111181,212551,333359,9673,29119,16234,31246,22271
2018-10,93829,2842,2,33919,12459,6260,9806,34473,41991,1838,75456,26029,92059,27527,12885,127887,400637,48871,89632,204820,137647,12097,18434,20889,4090,14021,30,12969,19198,399,134166,5740,26390,319123,164052,71892,257,160,48169,6767,284395,76641,3357,1547,28136,12522,9752,22479,951,2282,85995,27515,50658,68235,10271,52491,165951,4989,38245,116364,213739,343150,9715,29239,16296,31322,22374
2018-11,94439,2851,2,33894,12383,6282,9752,34535,42256,1845,75667,26237,91458,27554,12857,128208,400770,49032,90222,205380,137631,12205,18602,20944,4118,14078,30,12754,19361,364,134874,5776,26666,320773,166565,72194,254,176,48522,6827,289847,77345,3350,1556,28204,12545,9739,22533,957,2310,86054,27651,51192,68306,10412,52603,166602,5055,37851,116689,215023,349369,9599,29505,16410,31430,22629
2018-12,94701,2843,3,33978,12515,6263,9787,34682,42320,1851,75617,26348,91451,27567,12852,128311,400685,49199,90715,205870,137291,12139,18595,20873,4129,14246,24,12641,19413,319,135290,5840,26735,322202,168175,72629,364,174,48804,7018,292927,77698,3426,1544,28097,12588,9534,22556,951,2336,87510,29949,51484,68420,10396,51971,167510,5075,32070,114667,215888,353563,9185,29415,16431,31623,22714
2019-01,95987,2919,2,33720,12536,6191,9910,34563,42334,1842,75818,26182,91448,27425,12840,128300,402685,49365,91060,206324,136906,11899,18600,20660,4065,14425,22,12425,19632,303,134667,6126,26558,322740,168864,72744,457,186,49675,7139,295184,77822,3496,1677,28268,12494,9414,22474,979,2345,85504,29917,51312,68648,10341,50198,163011,5068,34151,108497,215128,353095,9068,29207,16032,43545,22630
2019-02,95977,2966,2,33666,12578,6178,9887,34706,42333,1834,75997,26395,91648,27448,12797,128063,403147,49590,91108,206555,136973,11877,18687,20687,4027,14189,24,12839,19779,322,135377,6075,26677,324425,171831,72983,426,182,50242,7077,301869,78591,3536,1680,28136,12470,9509,22556,1017,2390,86670,30033,51183,69177,10454,53045,166093,5115,36867,108875,216589,362898,9023,29583,16266,43518,23051
2019-03,94388,3009,2,33363,12573,6168,9835,34747,42367,1830,75664,26520,91682,27343,12815,127808,404365,49954,91087,205953,136619,11867,18712,20677,4043,14365,28,13041,19868,380,136156,6070,26530,324511,172340,73384,258,180,49989,6853,304377,78760,3470,1676,27993,12427,9323,22632,1041,2441,87493,30308,51192,68490,10521,53554,165486,5092,42148,114949,220107,365303,9153,29972,16421,43883,23171
2019-04,95656,3010,3,33407,12579,6197,9783,34750,42313,1843,75701,26617,91544,27272,12885,128058,402930,50012,91004,205409,136489,12003,18987,20676,4135,14303,28,13074,20027,356,136278,6176,26662,325594,174677,73895,255,180,50475,7127,310320,79296,3456,1679,27961,12383,9250,22706,1058,2467,87711,30813,50718,69400,10662,53052,166272,5162,40973,121269,223022,372459,9574,30407,16437,43882,23319
2019-05,96573,3027,3,33410,12571,6173,9685,34618,42340,1841,75792,26648,91723,27257,12831,127575,401269,50016,90616,205276,136452,11995,19002,20692,4159,14335,28,13163,20158,445,136950,6370,26676,328040,175901,74435,256,174,50481,7175,314184,79857,3504,1669,27909,12434,9286,22763,1056,2474,87913,31072,50959,69674,10722,54243,168507,5207,43447,122844,224531,379121,10167,30362,16667,42086,23436
2019-06,96874,3051,2,33374,12425,6142,9675,34613,42322,1853,75741,26597,91556,27233,12719,126831,400656,50326,90453,205012,136325,11912,19003,20550,4217,14373,27,13209,20281,467,137146,6714,26632,328810,176756,74572,254,162,51053,7209,317254,79545,3579,1678,27888,12461,9312,22785,1057,2515,87526,31235,51109,70345,10749,54613,170202,5183,43517,122212,226049,385737,10278,30575,16834,41949,23487
2019-07,97364,3068,4,33153,12367,6099,9634,34661,42228,1838,75868,26695,91364,27104,12655,126518,401129,50866,90383,204614,136588,11935,18948,20590,4129,14579,28,13528,20270,479,137972,6782,26634,329129,177841,74893,258,162,55314,7439,321462,80042,3673,1672,27654,12580,9510,22972,1054,2524,88260,32478,51719,69860,10833,55724,170594,5186,44798,118664,227906,390630,10390,30870,17013,42479,23538
2019-08,97303,3062,4,32983,12295,6065,9616,34506,41863,1848,75711,26669,90791,27046,12584,126019,401373,50787,90116,204014,135937,11970,18987,20441,4181,14768,28,13396,20330,440,138720,6866,26664,329707,178023,75341,257,164,55056,7394,323517,80370,3761,1681,27670,12610,9594,23024,1067,2443,86638,32649,51730,70151,10913,58310,170827,5175,42085,118600,228619,394528,10684,31032,17120,43202,23526
2019-09,97653,3057,4,32772,12259,6018,9609,34427,41809,1929,75791,26697,90704,27145,12590,125629,401332,50852,90015,203476,135899,11986,18956,20431,4171,14534,28,13551,20422,450,139043,6984,26616,330001,178695,75500,237,160,55185,7031,324914,80062,3756,1691,27561,12639,9504,23099,1067,2569,87412,32943,51933,70268,10909,58095,170169,5196,44627,121504,228795,401577,10351,30921,17020,41913,23562
2019-10,97744,3047,4,32635,12248,6028,9639,34403,41836,1931,76411,26669,90388,27200,12465,125466,400365,50849,90071,203155,136030,11771,18994,20376,4168,14613,28,13551,20428,469,138822,6925,26690,331396,179512,75799,231,160,55881,7165,328786,80549,3816,1688,27529,12596,9507,23134,1079,2586,87523,33009,51774,70522,10992,58373,170923,5229,46140,125501,229755,408087,10386,30949,16962,41833,23642
2019-11,98107,3068,4,32609,12231,5989,9613,34468,41754,1949,76485,26799,90725,27297,12476,125494,400972,50393,90273,203552,135956,11743,19134,20481,4159,14617,29,13490,20546,433,138803,7016,26581,332508,181565,76014,236,174,55950,7296,331529,80979,3904,1703,27446,12621,9511,23147,1078,2587,87880,33192,51945,70948,11047,58723,171061,5265,44798,125782,231535,412787,10089,31186,16927,41765,23593
2019-12,97975,3036,4,32651,12285,6003,9620,34596,41605,1940,76416,26767,90443,27210,12432,125427,400553,50177,90505,203677,136084,11851,19111,20448,4141,14548,25,13126,20678,399,138665,6659,26513,333973,182908,76413,310,180,56100,7426,334212,80617,3879,1700,27461,12629,9567,23169,1067,2589,87511,33243,52079,71113,10990,56111,176064,5277,36137,124983,232321,412176,9765,31033,16866,41825,23644
2020-01,97408,3040,4,32369,12368,5972,9590,34421,41248,1891,76376,26968,89819,26611,12358,124761,400844,50353,89917,203632,135201,11772,19125,20342,4089,14721,20,12612,20582,354,137913,6486,26719,334139,182426,75739,371,184,56797,7527,332144,81196,3885,1699,27713,12731,9771,23111,1059,2546,86168,33461,52576,71297,11082,53381,171981,5281,36099,122050,231612,407906,9592,30811,16636,41644,23626
2020-02,97550,3082,4,32324,12465,5966,9614,34337,41290,1965,75988,27011,90410,26938,12343,124905,401180,50660,90023,204938,135051,11872,19167,20382,4067,14539,23,12906,20607,401,139147,6646,26793,335847,184014,75724,333,186,57507,7348,333408,81812,3938,1707,27591,12764,9997,23108,1070,2608,87163,33694,53138,71999,11156,55428,174477,5357,40493,121512,233116,413490,9608,30760,16951,41660,23791
2020-03,97487,3087,4,32274,12568,5898,9578,34302,40957,1956,76157,27113,90302,26924,12330,124781,400339,50682,89796,204860,134469,11910,19235,20394,4101,15084,23,13298,20728,419,139833,6744,26838,335270,183719,74749,228,186,57125,7056,324407,81715,3883,1678,27351,12763,9943,23215,1217,2646,87450,33923,53367,72547,11212,56062,175333,5359,44627,120838,234907,409983,9598,30364,16822,41506,23524
2020-04,97427,3103,4,31955,12388,5852,9549,34354,40918,1964,76037,26913,90002,26776,12310,124816,404959,50256,89429,204817,134605,11712,19329,20196,4095,14930,26,13808,20755,427,140997,6689,26796,335405,184233,74253,228,186,55559,6976,322177,82057,3742,1678,27297,12898,9993,23292,1239,2801,87335,34017,53512,72757,11173,57072,176833,5354,45901,123141,235652,412188,9633,30206,17817,41075,23313
2020-05,97833,3089,5,31883,12298,5767,9567,34292,40655,1949,76156,27012,90830,26676,12287,124478,404824,49800,89370,204587,134112,11641,19313,20059,4093,14949,26,14283,20603,576,141642,6593,26576,335236,185332,74007,229,184,55597,6828,324783,82445,3792,1348,27218,12763,10023,23327,1232,2899,87532,34387,53680,73435,11209,58005,179891,5286,51657,124515,236499,419802,9664,30307,17289,41051,23270
2020-06,97994,3169,5,31969,12371,5701,9553,34237,40583,1970,76066,27077,90707,26726,12301,124117,404089,49730,89235,204606,133664,11594,19352,19918,4094,15068,26,14458,20621,541,142197,6627,26621,336463,188205,73729,229,182,55726,6680,331421,83273,3844,1355,27165,12860,10073,23270,1197,2954,87455,34759,53563,73999,11366,56580,185599,5281,51933,126086,238695,429904,9616,30408,17499,41136,23128
2020-07,98516,3156,5,32703,12490,5593,9578,34314,40353,2002,75977,27194,90142,26823,12180,123828,404165,49665,89298,204490,133281,11601,19508,19867,4077,15283,26,14160,20748,551,141940,6314,26578,337660,189817,73473,228,186,55731,6719,335897,84099,3915,1349,27092,13123,10363,23386,1091,2989,87912,35372,53889,74183,11444,56728,185675,5322,53199,126875,240227,436455,9507,30359,17632,42269,23020
2020-08,98090,3141,6,33796,12456,5489,9540,34120,40144,2016,75751,27124,90077,26769,12078,123250,403621,49822,89324,203995,132637,11622,19598,19781,4053,15344,26,15290,20829,751,141721,6283,26700,337877,190340,73262,227,184,55488,6805,337934,84899,4043,1369,27033,13169,10580,23545,1053,2997,88438,35594,54212,74336,11540,58835,185407,5328,69948,125649,241054,440983,9605,30253,17833,42044,22849
2020-09,98229,3136,6,34750,12476,5453,9551,34222,40189,2008,75995,27180,90382,26838,12071,123130,404385,49852,89581,204067,132682,11546,19756,19764,4019,15412,26,15839,20895,838,142247,6267,26944,338522,191109,72606,227,192,55691,6706,332414,86016,4060,1375,26986,13186,10483,23574,1105,3084,89049,36544,54669,74610,11629,59301,185602,5292,88529,126173,241542,444189,9732,29836,18147,41332,22774
2020-10,98610,3047,7,34947,12272,5811,9521,34391,40190,1959,76183,27244,90661,26709,12055,123351,407477,49780,89733,204106,132882,11531,19785,19657,4003,15236,26,16103,21073,863,143497,6418,26571,339264,193020,72484,230,188,55875,6572,331283,87014,4132,1359,26870,13189,10560,23556,1106,3165,89015,36960,55006,75028,11712,59913,186752,5266,99424,128603,242829,449607,9783,29606,18304,40976,22745
2020-11,98967,3072,7,34781,12053,5768,9539,34487,40479,1975,76408,27382,91253,26724,12032,123926,407506,50054,90160,205086,133334,11626,19864,19726,4040,15340,26,16260,21199,858,144106,7516,26630,341512,194284,72346,230,188,56043,6550,333676,87841,4225,1357,26822,13183,10758,23563,1109,3217,89133,36912,55580,75524,11827,59956,187240,5264,100578,130768,243298,456529,9848,29456,18238,41017,22837
2020-12,99805,3114,7,34721,11980,5797,9625,34626,40560,1990,76354,27509,91848,26884,12085,124648,408769,50475,90434,206000,133996,11620,19806,19795,4045,15334,23,13484,21597,460,144447,6393,26658,343792,196424,72354,324,182,56472,6630,330717,89350,4320,1367,27056,13270,10896,23614,1059,3227,89391,37193,55861,75714,11988,57736,185010,5240,48766,129931,244046,452463,9589,28803,17715,41205,22856
2021-01,99688,3083,7,34885,11937,5760,9653,35321,40890,2000,77231,27912,93010,26924,12301,125969,411015,50848,91639,207508,134320,11595,20058,19842,4085,15197,18,13042,21886,361,144149,6600,26865,343414,196563,71873,327,184,56421,6307,318978,89873,4273,1360,26895,13284,11168,23495,1056,3255,88404,37115,55688,76270,12054,54285,178517,5225,38692,125570,242872,441385,9089,27955,17157,41238,22491
2021-02,100442,3102,7,34776,11909,5807,9730,35717,41366,2016,77536,27959,94056,27398,12482,127359,412317,51654,92087,208657,135453,11732,20397,20044,4131,15391,20,13673,22076,453,145277,6772,26969,345990,198675,71683,334,198,57174,6431,316546,90993,4334,1371,26822,13468,11215,23616,1067,3308,89436,37859,56678,76946,12079,56354,184191,5291,44027,124524,244008,456339,9194,28059,17243,41283,22482
2021-03,100564,3148,7,34665,11766,5780,9790,35694,41275,2017,77434,28152,94536,27547,12442,127810,412185,51568,92442,209880,135660,11787,20503,20142,4182,15593,21,14214,22227,490,146027,6785,27131,348860,199170,71577,235,208,57133,6358,317433,91413,4324,1394,26602,13488,11319,23821,1103,3346,89954,38123,57073,77514,12119,57236,186481,5328,51002,131501,246656,461402,9575,28240,17532,41303,22383
2021-04,100733,3158,7,34209,11716,5767,9814,35688,41317,2025,77502,28167,94770,27241,12414,127990,411787,51632,92336,210246,135837,11811,20633,20172,4177,15586,24,14322,22305,571,147330,7010,27144,351421,201664,71794,236,208,56843,6376,321325,90377,4426,1403,26506,13648,11483,23909,1111,3442,90553,38506,57795,78167,12253,57720,194968,5368,54277,137184,249160,468727,9948,28723,18468,41410,22566
2021-05,100810,3151,7,34156,11599,5773,9811,35681,41513,2042,77445,28151,94817,27242,12457,128325,412473,51804,92253,210629,135876,11886,20543,20273,4240,15621,24,14368,22383,613,147906,6856,27010,352074,202659,71908,236,206,56341,6358,324457,91095,4533,1408,26372,13688,11612,23918,1117,3412,90611,38767,58160,78257,12426,58082,196751,5410,55813,139289,250594,474466,10296,28941,18516,41345,22596
2021-06,101183,2869,7,34096,11531,5763,9756,35800,41489,2018,77642,28281,94813,27215,12323,128579,412170,51995,92530,211129,135942,11933,20676,20187,4226,15432,24,14971,22577,619,148548,7456,27030,355065,203837,71909,237,192,56397,6483,327474,91976,4611,1395,26142,13856,11857,23911,1116,3431,91230,38756,58574,78908,12631,59124,196564,5405,61326,141474,252617,479503,10534,29368,18811,42311,22625
2021-07,101536,2868,8,33974,11508,5791,9797,35919,41277,2031,77734,28351,94539,27259,12221,129039,414104,52228,92231,211113,136109,11924,20704,20153,4277,15380,24,15177,22705,818,149042,7335,27345,355538,204628,71868,225,194,56485,6609,327893,93418,4919,1399,25916,13978,11816,24016,1123,3411,91530,39058,59476,79495,12744,59691,196863,5370,62367,138997,253303,487580,10758,29811,18978,42583,22685
2021-08,101660,2890,8,33972,11542,5813,9821,36183,41163,2034,77760,28359,94959,27358,12247,128700,413876,52356,92448,211314,135850,11886,20634,20080,4247,15563,24,15110,22830,831,149182,7383,27513,356496,205903,71723,84,200,57078,6556,327441,92473,5012,1397,25688,13926,11964,24143,1153,3464,92162,39367,59573,79743,12752,58852,199526,5380,59456,141109,253756,491798,10593,29941,19077,42458,22839
2021-09,101954,2893,7,34019,11607,5882,9758,36150,41113,2070,77948,28332,95055,27322,12222,129096,414808,52646,92479,213560,135390,12012,20704,20107,4222,15794,24,15039,22914,911,149714,7454,27467,356713,205468,71778,82,196,57193,6461,326101,93414,4869,1413,25687,13954,12502,24143,1154,3587,92443,39578,59724,80557,12945,58873,199465,5366,61997,145999,253936,498397,10496,29911,19112,41081,23020
2021-10,102481,2919,9,34024,11599,5885,9729,36146,41167,2056,78125,28416,94981,27372,12173,129416,414898,52754,92954,215843,134675,12003,20728,20081,4246,15719,23,14700,22970,836,150430,7469,27454,358000,207288,71236,83,196,57484,6494,326368,94127,4950,1411,25591,14060,12756,24219,1145,3598,92938,39999,60031,80833,12965,59199,201030,5470,62727,149775,254699,506149,10504,30056,19210,41104,23069
2021-11,103530,2922,9,33985,11544,5906,9775,36280,41303,2095,78028,28223,95531,27527,12244,130249,415340,53032,93218,217250,135020,12066,20731,20208,4253,15774,22,14513,22989,826,151258,7566,27887,358849,208503,70450,82,206,57990,6500,329862,94877,4993,1426,25592,14141,12864,24217,1149,3628,93895,40243,60780,81404,12984,58990,202107,5522,59329,150743,255355,511769,10599,30000,19172,41051,23099
2021-12,104865,2924,9,33958,11630,5899,9738,36342,41536,2100,78126,28212,95752,27521,12282,130378,417013,53245,93495,215715,134447,12056,20826,20239,4249,15784,19,13899,23097,648,151939,7343,27848,360163,209413,70356,85,204,58044,6596,334378,94960,4931,1433,25662,14203,13115,24242,1073,3631,94615,40490,60991,81063,13028,63149,201263,5585,44499,149233,255316,500402,10491,29821,18676,41141,23101
2022-01,105020,2927,9,34288,11742,5881,9809,36770,41798,2099,78633,28220,97079,27708,12523,132278,418502,53278,93810,216984,135161,12099,21143,20305,4297,15695,14,13840,23312,440,152483,7427,27880,360530,208934,69758,84,198,57635,6650,334094,95470,4964,1415,25490,14217,13248,24056,1074,3660,93705,40475,61220,81762,13088,61024,197299,5563,42000,139055,254290,496502,9838,29721,17835,41180,22524
2022-02,106146,2964,10,34563,11729,5886,9879,37241,41940,2100,78922,28355,97919,28112,12712,133410,420073,53616,93815,213308,135251,12267,21369,20549,4344,15759,19,14442,23494,463,153931,7471,28077,362298,211095,69761,84,202,58575,6636,335599,96497,4870,1409,25348,14297,13350,24089,1104,3709,94114,42989,61774,82276,11940,63631,204830,5635,49242,137872,255451,514016,9906,29702,18374,41147,22747
2022-03,105894,2979,10,34792,11711,5865,9846,37193,41983,2087,79673,28498,98257,28181,12742,133685,421098,53789,94119,213300,135291,12409,21376,20707,4367,15756,21,14513,23527,536,154472,7637,27863,362992,210209,69895,83,212,58689,6667,333471,96937,4879,1392,25196,14444,13376,24293,1142,3739,94896,43469,62128,83135,12001,64413,203680,5640,54248,148053,259167,514890,9998,29949,18785,40913,22694
2022-04,107052,3012,9,34804,11806,5885,9884,37240,41941,2075,79708,28601,98530,28271,12716,133971,422179,54023,94484,213529,135550,12468,21389,20727,4389,15652,24,14561,23610,566,155210,7707,27989,363878,210905,69817,83,220,59427,6687,336566,97184,5177,1389,24805,14906,13481,24369,1146,3782,95669,43938,62610,83819,12063,65106,205180,5774,57351,154613,261961,520000,10577,30257,18991,41113,22967
2022-05,107274,3046,10,34542,11896,5866,9844,37272,42053,2068,79441,28524,98842,28234,12739,133779,421770,54199,94448,213772,135652,12490,21376,20824,4424,16049,23,14615,23617,569,155377,7647,28012,364767,211789,69757,81,216,59536,6641,339243,97987,5388,1419,24754,15066,13624,24552,1157,3824,95852,44222,62650,84064,12072,65294,204866,5862,56287,155531,262383,524345,11163,30520,19381,41094,22870
2022-06,106946,3084,10,34350,11891,5836,9763,37194,41973,2056,79323,28686,98499,28181,12701,133670,422453,54475,94537,213794,135278,12498,21257,20855,4467,16003,23,14584,23654,588,155178,7627,27913,364848,211559,70040,80,210,59078,6737,341657,98916,5584,1422,24660,15220,13763,24714,1228,3825,96185,44446,62624,84703,12132,65566,205911,5881,54212,155095,263125,527554,11348,30700,19562,41584,22715
2022-07,106972,3093,15,34075,11844,5773,9733,37115,42058,2052,79233,28778,98057,28032,12699,133755,423706,54438,94397,214413,135118,12577,21192,20975,4522,16071,23,14678,23787,575,155455,7552,27563,364347,210870,69874,63,200,58923,6806,343749,100542,5680,1419,24663,15394,14103,24957,1222,3813,96578,44675,62592,85402,12191,65846,205817,5873,52927,147605,263651,530562,11668,31308,19649,42250,22805
2022-08,107832,3087,15,33834,12013,5694,9613,37029,42094,2050,78420,28510,98098,27984,12730,134090,424279,54531,94200,215275,135441,12477,21118,20860,4487,15865,23,14609,23878,600,155479,7952,27490,364576,211339,69473,63,194,59461,6837,346714,101120,5665,1424,24484,15426,14233,25012,1230,3838,97550,45742,62485,85826,12101,66037,206133,5870,51540,150240,264798,534281,11709,31476,19717,42069,22876
2022-09,107890,3081,16,33806,11965,5680,9566,37092,42155,2051,78228,28419,98228,28054,12846,134438,425589,54735,94155,215637,135466,12443,21033,20864,4482,15821,23,14700,23834,601,155963,7994,27729,365213,211536,69599,63,188,59438,6834,345752,102238,5648,1428,24495,15213,14217,25090,1224,3845,98139,45864,62574,86504,12152,65873,206816,5804,52786,154693,265321,537276,11426,31313,19797,40957,22945
2022-10,108059,3097,18,33679,11995,5685,9526,37070,42111,2044,78221,28477,97955,28046,12859,134776,427936,54671,94229,215313,135258,12468,21030,21049,4455,15780,23,14647,23858,617,155384,8078,27811,364993,211731,69790,62,210,59446,6809,346914,102356,5605,1290,24591,15378,14371,25167,1240,3816,98303,46247,62580,86982,12202,61427,207664,5813,51097,156839,266749,543731,11506,31316,19641,40425,22962
2022-11,108427,2770,18,33547,11979,5674,9512,37207,42094,2046,78664,28482,97950,28126,12867,135333,426983,55750,93584,215603,131234,12482,21046,21097,4431,15808,22,14631,23991,571,155215,8183,27784,367679,211659,69770,63,214,59632,6781,346697,102412,5592,1296,24544,15425,14461,25217,1226,3813,96713,46648,62633,87010,11980,61675,208726,5830,50013,156583,267786,545388,11172,31050,19596,40389,23036
2022-12,108968,2783,18,33613,12059,5719,9464,37376,42402,2055,78727,28654,98149,28041,12951,136532,428875,55797,94354,216199,132087,12431,21025,21070,4443,15865,19,14015,24203,527,155441,8157,27931,368668,212495,69698,56,214,60522,6917,348895,102270,5512,1283,24721,15289,14556,25256,1213,3776,96121,46566,62791,87534,12083,60369,207866,5873,39447,154493,268511,529955,10812,30744,19010,40408,23130
2023-01,109643,2786,15,33950,12092,5725,9636,37675,42290,2023,78948,28663,98744,28231,14405,138499,430267,56206,94408,217109,131173,12554,21342,21100,4434,15895,14,13485,24267,497,152319,8222,27818,366944,210999,68949,53,208,60337,6900,348061,102096,5522,1294,24181,15301,15313,25231,1224,3704,94722,45834,63580,87821,12016,58217,202828,5835,38731,142678,267101,528220,10180,30058,18392,40432,22838
2023-02,110742,2810,17,34772,12180,5796,10083,38788,42935,2095,80325,28777,101496,28872,14818,143675,431525,56513,94565,219060,133173,12718,22300,21459,4441,15834,19,14133,24659,594,152850,8472,28685,369509,212066,68989,53,216,60787,6931,351374,103170,5556,1309,23764,15336,15373,25291,1236,3795,95271,46281,64096,88837,12065,61059,209147,5864,44914,141798,268897,555974,10360,30316,18808,40341,23149
2023-03,111764,2861,20,34904,12265,5815,10287,39327,43233,2095,80468,28885,103474,29120,15007,146748,432406,56652,97424,220618,134887,12994,22539,21610,4451,15827,22,14640,24910,640,152450,8350,28725,369901,204857,69349,52,216,60880,6957,359137,103962,5524,1327,23926,15488,15435,25317,1245,3766,95377,46625,64266,89107,12115,62548,209106,5933,49025,147067,271255,562034,10814,30424,19235,40556,23101
2023-04,112436,2866,18,35432,12395,5840,10429,39635,43486,2089,80659,28927,104399,29318,15162,148461,431415,56694,97558,221335,135637,13172,23003,21817,4494,15738,26,14723,25026,686,152597,8037,28823,369825,205211,69442,100,226,60991,6936,364199,104846,5460,1364,23763,15573,15548,25371,1256,3781,95153,47272,64596,89220,12283,63424,211598,5981,49564,151995,273239,570428,11226,30664,19553,40647,23058
2023-05,113131,2881,20,35285,12435,5853,10475,39601,43615,2073,80771,28878,104659,29388,15128,149048,430373,56536,97784,222587,136143,13215,23056,21833,4491,15797,27,14837,25128,720,152530,8060,28934,369419,205161,69607,101,226,61235,6995,367643,105997,5442,1366,23712,15637,15534,25424,1262,3835,94951,47622,64491,91359,12241,63497,211983,6011,49979,152867,274240,576548,11491,30756,19653,40887,23229
2023-06,113990,2919,23,35111,12343,5854,10524,39580,43679,2075,81126,29925,104903,29457,15092,149588,429993,56763,97721,222970,136549,13236,23026,21730,4471,15766,27,14828,25215,734,152107,8087,29073,369417,204596,69664,51,216,61568,7086,370958,106035,5589,1400,23652,15611,15846,25692,1272,3831,95056,47963,64592,91339,12265,63805,213169,6018,49813,150030,275588,582213,11665,30841,19700,41365,23362
2023-07,114282,2918,21,34868,12287,5818,10461,39744,43819,2059,80899,29833,104811,29326,15161,149717,428942,56835,97217,222746,136562,13179,22989,21682,4498,15768,26,15045,25343,758,151517,8065,29170,369124,203953,69914,64,214,61059,7197,372779,106881,5530,1368,23630,15652,15744,25813,1267,3818,94818,50414,64609,91151,12128,64234,212989,6068,50348,148090,275745,588328,11869,31543,19726,42078,23170
2023-08,114065,2905,21,34758,12328,5738,10453,40013,43860,2057,80838,29686,105118,29334,15197,150013,428810,56856,97434,222722,135857,13211,23075,21743,4506,15829,27,15000,25436,793,151379,8058,28991,368955,204025,69899,68,208,61474,7142,375192,107470,5566,1325,23563,15732,15592,25853,1258,3785,95114,50543,64837,89606,12241,64529,216027,6117,49025,147404,276471,592227,11922,31533,19733,42024,23155
2023-09,114709,2892,24,34649,12262,5702,10428,40070,43828,2047,81232,29670,105431,29234,15174,150491,429978,56927,97384,222890,136542,13247,23178,21717,4504,15858,27,14990,25593,706,151195,8032,29060,369526,204469,70303,67,204,61761,7053,374727,107839,5568,1324,23495,15762,15311,25890,1279,3800,95218,51024,63477,89858,12256,64511,213983,6091,50900,148762,276692,596613,11711,31186,19746,40725,23304
2023-10,115241,2891,24,34518,12255,5704,10418,40250,43854,2027,81074,29674,105609,29121,15188,150757,429667,56965,97201,223136,136489,13170,23264,21582,4499,15737,27,14878,25784,713,151226,7893,29123,369414,204899,70562,66,212,61798,7022,376409,108360,5525,1322,23423,15770,15358,25851,1278,3778,94354,51219,63618,90078,12240,64925,213465,6094,50208,151069,278057,601318,11698,31040,19691,40228,23388
2023-11,116276,2897,25,34377,12205,5658,10458,40390,43799,2002,81250,29774,105648,29023,15258,151130,429377,57461,97692,223597,137040,13217,23281,21694,4500,15761,22,14848,25789,648,151188,7886,29160,369820,204956,71099,66,210,61294,7020,376775,108876,5507,1320,23398,15816,15328,25851,1301,3776,94641,51502,63858,90189,12370,64904,211881,6121,48983,151004,278472,602388,11388,31068,19633,40216,23415
2023-12,116114,2885,23,34314,12166,5611,10503,40492,43893,1985,81414,29871,106039,28899,15240,151790,429089,58363,97749,224148,136956,13202,23406,21682,4485,15793,17,13962,25660,529,150969,7894,29355,369645,204559,71245,68,204,61823,7004,377341,108133,5437,1314,23304,15830,15194,25847,1299,3701,94466,51323,63582,90446,12393,63418,211445,6189,39578,148892,279078,578898,11069,30386,19258,40256,23312
2024-01,116497,2874,25,34274,12114,5549,10538,40426,43554,1976,81257,29583,105963,28918,15110,151753,429199,58456,97738,224299,136387,13136,23432,21640,4518,15539,14,13854,25868,491,149800,7894,29532,369291,203362,71101,69,214,61287,6924,376564,107667,5379,1298,23255,15909,15136,25709,1252,3759,93795,50881,63525,91071,12371,60604,209873,6194,38094,145001,277175,582033,10476,29925,18628,40190,23117
2024-02,116985,2895,24,34336,12238,5570,10585,40610,43654,1964,81449,29713,105963,28854,15128,152319,428305,58571,98129,225779,136285,13172,23745,21717,4520,15436,18,14842,26004,640,149788,7902,29547,369674,203885,71115,69,210,62050,6957,379742,108673,5464,1302,23126,15814,15089,25739,1262,3818,94227,51574,63608,91272,12458,63438,215631,6251,44083,144358,278520,623899,10739,30000,19232,39972,23478
2024-03,116942,2859,26,34278,12140,5603,10624,40624,43475,1956,81322,29740,105989,28837,15119,152422,429701,58582,98530,226444,137058,13216,23850,21632,4550,15590,19,15223,26068,685,149635,7771,29557,370456,202641,71641,88,200,61765,6926,377923,108918,5366,1299,23083,15757,14926,25703,1294,3900,94833,51681,63470,91278,12532,65029,213964,6257,48247,148830,280276,632460,11041,30152,19951,40097,23503